kabupaten_kota,periode,tahun,bulan,risiko_label,status_panen_raw,prob_aman_pct,prob_waspada_pct,prob_kritis_pct,faktor_dominan_bahasa,diagnosis_masalah,kategori_aksi,urgensi,batas_waktu,rekomendasi_card,detail_action_plan,langkah_aksi_utama,aktor_tindak_lanjut,output_diharapkan,indikator_pemicu,sifat_hujan,status_hth,status_kat,rasio_hujan_lag2,max_hth_lag2,rasio_kat_lag2,probabilitas_risiko_historis,FAKTOR_DOMINAN,skor_prioritas_aksi
BOJONEGORO,Mei 2026,2026,5,Waspada,⚠️ WASPADA,5.2,94.8,0.0,Ketersediaan air tanah rendah,Kondisi relatif terkendali; tetap perlu monitoring rutin,Pemantauan ketersediaan air,Tinggi,3–7 hari,Cek ketersediaan air tanah dan saluran irigasi; pastikan wilayah tidak memasuki kondisi defisit air.,KAT cenderung rendah sehingga perlu dipantau agar tidak berkembang menjadi tekanan air yang lebih serius pada lahan sawah.,"1) Pantau rasio KAT dan tren HTH.
2) Cek kondisi sumber air di wilayah prioritas.
3) Koordinasikan pemantauan irigasi dengan penyuluh.
4) Update rekomendasi jika KAT terus turun.","Dinas Kab/Kota, Penyuluh/BPP, pengelola irigasi",Status ketersediaan air wilayah,Sifat hujan: Normal; HTH: 2.1 hari (Pendek); Rasio KAT: 0.58 (Rendah); Prob. Waspada: 94.8%; Prob. Kritis: 0.0%,Normal,Pendek,Rendah,1.0501570179725723,2.0771065595022025,0.5772779081138601,0.3452380952380952,total_hujan_lag2,3.95
SUMENEP,Mei 2026,2026,5,Waspada,⚠️ WASPADA,6.7,93.3,0.0,Ketersediaan air tanah sangat rendah,Potensi tekanan air/kekeringan,Antisipasi kekeringan/defisit air,Tinggi,3–7 hari,"Prioritaskan pengecekan ketersediaan air, saluran irigasi, dan lahan rawan kering; validasi kondisi lapangan bersama penyuluh.","Indikator menunjukkan potensi tekanan air. Wilayah perlu dipantau untuk memastikan sawah tidak mengalami defisit air, terutama pada area tadah hujan atau area dengan akses irigasi terbatas.","1) Cek sumber air dan kondisi saluran irigasi.
2) Identifikasi area sawah rawan kering bersama penyuluh.
3) Koordinasikan distribusi air/pompanisasi bila diperlukan.
4) Update status wilayah setelah validasi lapangan.","Dinas Kab/Kota, Penyuluh/BPP, pengelola irigasi",Daftar lahan rawan kering dan status ketersediaan air,Sifat hujan: Normal; HTH: 9.6 hari (Sedang); Rasio KAT: 0.30 (Sangat Rendah); Prob. Waspada: 93.3%; Prob. Kritis: 0.0%,Normal,Sedang,Sangat Rendah,1.0340567832760323,9.584530903142886,0.295695219039853,0.2619047619047619,total_hujan_lag2,3.93
TUBAN,Mei 2026,2026,5,Waspada,⚠️ WASPADA,11.4,88.6,0.1,Sensitivitas historis wilayah,Wilayah sensitif berdasarkan pola historis produksi/luas panen,Validasi kerentanan historis,Tinggi,3–7 hari,"Validasi penyebab kerentanan historis: pola tanam, produktivitas, input budidaya, kesuburan lahan, dan kondisi lapangan.","Risiko terutama didorong oleh sensitivitas historis wilayah. Ini berarti wilayah memiliki riwayat kerentanan produksi/luas panen, sehingga perlu pengecekan faktor non-iklim yang belum tertangkap model.","1) Bandingkan tren produksi dan luas panen historis.
2) Cek pola tanam, intensitas tanam, dan input budidaya.
3) Minta masukan penyuluh terkait kondisi lahan.
4) Tetapkan apakah wilayah perlu masuk daftar prioritas monitoring.","Dinas Kab/Kota, Penyuluh/BPP, analis tanaman pangan",Catatan penyebab kerentanan historis dan rekomendasi tindak lanjut,Sifat hujan: Normal; HTH: 3.1 hari (Pendek); Rasio KAT: 0.55 (Rendah); Prob. Waspada: 88.6%; Prob. Kritis: 0.1%,Normal,Pendek,Rendah,1.1043603378484503,3.0770523283725395,0.552664517062516,0.4761904761904761,probabilitas_risiko_historis,3.89
BANGKALAN,Mei 2026,2026,5,Waspada,⚠️ WASPADA,13.1,86.8,0.1,Tekanan iklim relatif normal,Kondisi relatif terkendali; tetap perlu monitoring rutin,Monitoring rutin,Tinggi,3–7 hari,Lakukan pemantauan rutin dan validasi lapangan jika indikator risiko memburuk.,Pantau perkembangan indikator iklim dan kondisi lahan. Pastikan informasi wilayah tetap diperbarui untuk mendukung prioritas monitoring berikutnya.,"1) Pantau perubahan skor risiko.
2) Cek indikator hujan, HTH, dan KAT.
3) Validasi lapangan bila tren memburuk.","Dinas Kab/Kota, Penyuluh/BPP",Catatan monitoring berkala,Sifat hujan: Normal; HTH: 4.6 hari (Pendek); Rasio KAT: 0.71 (Agak Rendah); Prob. Waspada: 86.8%; Prob. Kritis: 0.1%,Normal,Pendek,Agak Rendah,1.0760798981350397,4.577510620988882,0.7063474324975055,0.3214285714285714,total_hujan_lag2,3.87
BLITAR,Mei 2026,2026,5,Waspada,⚠️ WASPADA,17.1,82.8,0.0,Sensitivitas historis wilayah,Wilayah sensitif berdasarkan pola historis produksi/luas panen,Validasi kerentanan historis,Tinggi,3–7 hari,"Validasi penyebab kerentanan historis: pola tanam, produktivitas, input budidaya, kesuburan lahan, dan kondisi lapangan.","Risiko terutama didorong oleh sensitivitas historis wilayah. Ini berarti wilayah memiliki riwayat kerentanan produksi/luas panen, sehingga perlu pengecekan faktor non-iklim yang belum tertangkap model.","1) Bandingkan tren produksi dan luas panen historis.
2) Cek pola tanam, intensitas tanam, dan input budidaya.
3) Minta masukan penyuluh terkait kondisi lahan.
4) Tetapkan apakah wilayah perlu masuk daftar prioritas monitoring.","Dinas Kab/Kota, Penyuluh/BPP, analis tanaman pangan",Catatan penyebab kerentanan historis dan rekomendasi tindak lanjut,Sifat hujan: Normal; HTH: 3.5 hari (Pendek); Rasio KAT: 0.58 (Rendah); Prob. Waspada: 82.8%; Prob. Kritis: 0.0%,Normal,Pendek,Rendah,0.9263027877385124,3.4737561334404368,0.5760636300094583,0.3571428571428571,probabilitas_risiko_historis,3.83
SAMPANG,Mei 2026,2026,5,Waspada,⚠️ WASPADA,17.5,82.5,0.0,Tekanan iklim relatif normal,Kondisi relatif terkendali; tetap perlu monitoring rutin,Monitoring rutin,Tinggi,3–7 hari,Lakukan pemantauan rutin dan validasi lapangan jika indikator risiko memburuk.,Pantau perkembangan indikator iklim dan kondisi lahan. Pastikan informasi wilayah tetap diperbarui untuk mendukung prioritas monitoring berikutnya.,"1) Pantau perubahan skor risiko.
2) Cek indikator hujan, HTH, dan KAT.
3) Validasi lapangan bila tren memburuk.","Dinas Kab/Kota, Penyuluh/BPP",Catatan monitoring berkala,Sifat hujan: Normal; HTH: 5.7 hari (Pendek); Rasio KAT: 0.68 (Agak Rendah); Prob. Waspada: 82.5%; Prob. Kritis: 0.0%,Normal,Pendek,Agak Rendah,0.9800930421157816,5.748637129547029,0.6761359170238526,0.2261904761904762,total_hujan_lag2,3.82
SITUBONDO,Mei 2026,2026,5,Waspada,⚠️ WASPADA,18.5,81.4,0.0,Curah hujan atas normal,Potensi kelebihan air/genangan dan peningkatan kelembapan,Antisipasi hujan tinggi/genangan,Tinggi,3–7 hari,"Pantau potensi genangan, bersihkan drainase, dan tingkatkan pengamatan OPT/penyakit akibat kelembapan tinggi.","Curah hujan di atas normal dapat meningkatkan risiko genangan, kerusakan lahan, serta kelembapan yang mendukung penyakit tanaman. Tindakan awal perlu difokuskan pada drainase dan monitoring lapangan.","1) Cek saluran drainase dan titik rawan genangan.
2) Validasi area sawah yang tergenang/berdrainase buruk.
3) Tingkatkan pengamatan OPT/penyakit terkait kelembapan.
4) Koordinasikan tindakan cepat bila genangan meluas.","Dinas Kab/Kota, Penyuluh/BPP, POPT, pengelola drainase",Daftar titik rawan genangan dan status pengendalian OPT,Sifat hujan: Atas Normal; HTH: 9.3 hari (Sedang); Rasio KAT: 0.53 (Rendah); Prob. Waspada: 81.4%; Prob. Kritis: 0.0%,Atas Normal,Sedang,Rendah,1.352989037602033,9.262439233628823,0.5346701776878805,0.2619047619047619,probabilitas_risiko_historis,3.81
PROBOLINGGO,Mei 2026,2026,5,Waspada,⚠️ WASPADA,20.0,80.0,0.0,Curah hujan atas normal,Potensi kelebihan air/genangan dan peningkatan kelembapan,Antisipasi hujan tinggi/genangan,Tinggi,3–7 hari,"Pantau potensi genangan, bersihkan drainase, dan tingkatkan pengamatan OPT/penyakit akibat kelembapan tinggi.","Curah hujan di atas normal dapat meningkatkan risiko genangan, kerusakan lahan, serta kelembapan yang mendukung penyakit tanaman. Tindakan awal perlu difokuskan pada drainase dan monitoring lapangan.","1) Cek saluran drainase dan titik rawan genangan.
2) Validasi area sawah yang tergenang/berdrainase buruk.
3) Tingkatkan pengamatan OPT/penyakit terkait kelembapan.
4) Koordinasikan tindakan cepat bila genangan meluas.","Dinas Kab/Kota, Penyuluh/BPP, POPT, pengelola drainase",Daftar titik rawan genangan dan status pengendalian OPT,Sifat hujan: Atas Normal; HTH: 9.0 hari (Sedang); Rasio KAT: 0.69 (Agak Rendah); Prob. Waspada: 80.0%; Prob. Kritis: 0.0%,Atas Normal,Sedang,Agak Rendah,1.6057166811188084,8.97622875647606,0.6934195129683663,0.2738095238095238,probabilitas_risiko_historis,3.8
LAMONGAN,Mei 2026,2026,5,Waspada,⚠️ WASPADA,28.6,71.4,0.0,Ketersediaan air tanah rendah,Kondisi relatif terkendali; tetap perlu monitoring rutin,Pemantauan ketersediaan air,Sedang,≤7 hari,Cek ketersediaan air tanah dan saluran irigasi; pastikan wilayah tidak memasuki kondisi defisit air.,KAT cenderung rendah sehingga perlu dipantau agar tidak berkembang menjadi tekanan air yang lebih serius pada lahan sawah.,"1) Pantau rasio KAT dan tren HTH.
2) Cek kondisi sumber air di wilayah prioritas.
3) Koordinasikan pemantauan irigasi dengan penyuluh.
4) Update rekomendasi jika KAT terus turun.","Dinas Kab/Kota, Penyuluh/BPP, pengelola irigasi",Status ketersediaan air wilayah,Sifat hujan: Normal; HTH: 3.2 hari (Pendek); Rasio KAT: 0.52 (Rendah); Prob. Waspada: 71.4%; Prob. Kritis: 0.0%,Normal,Pendek,Rendah,1.1379321291341395,3.2203552568410934,0.5154868792131979,0.3333333333333333,total_hujan_lag2,2.71
SIDOARJO,Mei 2026,2026,5,Waspada,⚠️ WASPADA,41.9,57.4,0.7,Tekanan iklim relatif normal,Kondisi relatif terkendali; tetap perlu monitoring rutin,Monitoring rutin,Sedang,≤7 hari,Lakukan pemantauan rutin dan validasi lapangan jika indikator risiko memburuk.,Pantau perkembangan indikator iklim dan kondisi lahan. Pastikan informasi wilayah tetap diperbarui untuk mendukung prioritas monitoring berikutnya.,"1) Pantau perubahan skor risiko.
2) Cek indikator hujan, HTH, dan KAT.
3) Validasi lapangan bila tren memburuk.","Dinas Kab/Kota, Penyuluh/BPP",Catatan monitoring berkala,Sifat hujan: Normal; HTH: 2.7 hari (Pendek); Rasio KAT: 0.83 (Mendekati Normal); Prob. Waspada: 57.4%; Prob. Kritis: 0.7%,Normal,Pendek,Mendekati Normal,1.051488208877115,2.7346300022356367,0.834431627890748,0.238095238095238,total_hujan_lag2,2.61
JOMBANG,Mei 2026,2026,5,Waspada,⚠️ WASPADA,47.0,53.0,0.0,Sensitivitas historis wilayah,Wilayah sensitif berdasarkan pola historis produksi/luas panen,Validasi kerentanan historis,Sedang,≤7 hari,"Validasi penyebab kerentanan historis: pola tanam, produktivitas, input budidaya, kesuburan lahan, dan kondisi lapangan.","Risiko terutama didorong oleh sensitivitas historis wilayah. Ini berarti wilayah memiliki riwayat kerentanan produksi/luas panen, sehingga perlu pengecekan faktor non-iklim yang belum tertangkap model.","1) Bandingkan tren produksi dan luas panen historis.
2) Cek pola tanam, intensitas tanam, dan input budidaya.
3) Minta masukan penyuluh terkait kondisi lahan.
4) Tetapkan apakah wilayah perlu masuk daftar prioritas monitoring.","Dinas Kab/Kota, Penyuluh/BPP, analis tanaman pangan",Catatan penyebab kerentanan historis dan rekomendasi tindak lanjut,Sifat hujan: Normal; HTH: 2.3 hari (Pendek); Rasio KAT: 0.65 (Agak Rendah); Prob. Waspada: 53.0%; Prob. Kritis: 0.0%,Normal,Pendek,Agak Rendah,1.1127651569809238,2.3020499679692508,0.6512790507773092,0.2857142857142857,probabilitas_risiko_historis,2.53
PACITAN,Mei 2026,2026,5,Waspada,⚠️ WASPADA,47.6,52.4,0.0,Sensitivitas historis wilayah,Wilayah sensitif berdasarkan pola historis produksi/luas panen,Validasi kerentanan historis,Sedang,≤7 hari,"Validasi penyebab kerentanan historis: pola tanam, produktivitas, input budidaya, kesuburan lahan, dan kondisi lapangan.","Risiko terutama didorong oleh sensitivitas historis wilayah. Ini berarti wilayah memiliki riwayat kerentanan produksi/luas panen, sehingga perlu pengecekan faktor non-iklim yang belum tertangkap model.","1) Bandingkan tren produksi dan luas panen historis.
2) Cek pola tanam, intensitas tanam, dan input budidaya.
3) Minta masukan penyuluh terkait kondisi lahan.
4) Tetapkan apakah wilayah perlu masuk daftar prioritas monitoring.","Dinas Kab/Kota, Penyuluh/BPP, analis tanaman pangan",Catatan penyebab kerentanan historis dan rekomendasi tindak lanjut,Sifat hujan: Normal; HTH: 3.8 hari (Pendek); Rasio KAT: 0.68 (Agak Rendah); Prob. Waspada: 52.4%; Prob. Kritis: 0.0%,Normal,Pendek,Agak Rendah,0.9832699948115132,3.804110842972456,0.683391215612134,0.3452380952380952,probabilitas_risiko_historis,2.52
SURABAYA,Mei 2026,2026,5,Aman,✅ AMAN,52.5,47.0,0.6,Sensitivitas historis wilayah,Wilayah sensitif berdasarkan pola historis produksi/luas panen,Validasi kerentanan historis,Rendah,Monitoring rutin,"Validasi penyebab kerentanan historis: pola tanam, produktivitas, input budidaya, kesuburan lahan, dan kondisi lapangan.","Risiko terutama didorong oleh sensitivitas historis wilayah. Ini berarti wilayah memiliki riwayat kerentanan produksi/luas panen, sehingga perlu pengecekan faktor non-iklim yang belum tertangkap model. Karena status masih Aman, tindakan difokuskan pada monitoring rutin dan kesiapsiagaan, bukan intervensi prioritas.","1) Bandingkan tren produksi dan luas panen historis.
2) Cek pola tanam, intensitas tanam, dan input budidaya.
3) Minta masukan penyuluh terkait kondisi lahan.
4) Tetapkan apakah wilayah perlu masuk daftar prioritas monitoring.","Dinas Kab/Kota, Penyuluh/BPP, analis tanaman pangan",Catatan penyebab kerentanan historis dan rekomendasi tindak lanjut,Sifat hujan: Normal; HTH: 2.8 hari (Pendek); Rasio KAT: 0.89 (Mendekati Normal); Prob. Waspada: 47.0%; Prob. Kritis: 0.6%,Normal,Pendek,Mendekati Normal,1.0384680531016806,2.783513405362144,0.8943382035884567,0.238095238095238,probabilitas_risiko_historis,1.5
TULUNGAGUNG,Mei 2026,2026,5,Aman,✅ AMAN,54.1,45.9,0.0,Sensitivitas historis wilayah,Wilayah sensitif berdasarkan pola historis produksi/luas panen,Validasi kerentanan historis,Rendah,Monitoring rutin,"Validasi penyebab kerentanan historis: pola tanam, produktivitas, input budidaya, kesuburan lahan, dan kondisi lapangan.","Risiko terutama didorong oleh sensitivitas historis wilayah. Ini berarti wilayah memiliki riwayat kerentanan produksi/luas panen, sehingga perlu pengecekan faktor non-iklim yang belum tertangkap model. Karena status masih Aman, tindakan difokuskan pada monitoring rutin dan kesiapsiagaan, bukan intervensi prioritas.","1) Bandingkan tren produksi dan luas panen historis.
2) Cek pola tanam, intensitas tanam, dan input budidaya.
3) Minta masukan penyuluh terkait kondisi lahan.
4) Tetapkan apakah wilayah perlu masuk daftar prioritas monitoring.","Dinas Kab/Kota, Penyuluh/BPP, analis tanaman pangan",Catatan penyebab kerentanan historis dan rekomendasi tindak lanjut,Sifat hujan: Normal; HTH: 4.0 hari (Pendek); Rasio KAT: 0.57 (Rendah); Prob. Waspada: 45.9%; Prob. Kritis: 0.0%,Normal,Pendek,Rendah,1.0674444616502778,4.012710550790535,0.5747695687318973,0.3333333333333333,probabilitas_risiko_historis,1.46
TRENGGALEK,Mei 2026,2026,5,Aman,✅ AMAN,61.6,38.4,0.0,Sensitivitas historis wilayah,Wilayah sensitif berdasarkan pola historis produksi/luas panen,Validasi kerentanan historis,Rendah,Monitoring rutin,"Validasi penyebab kerentanan historis: pola tanam, produktivitas, input budidaya, kesuburan lahan, dan kondisi lapangan.","Risiko terutama didorong oleh sensitivitas historis wilayah. Ini berarti wilayah memiliki riwayat kerentanan produksi/luas panen, sehingga perlu pengecekan faktor non-iklim yang belum tertangkap model. Karena status masih Aman, tindakan difokuskan pada monitoring rutin dan kesiapsiagaan, bukan intervensi prioritas.","1) Bandingkan tren produksi dan luas panen historis.
2) Cek pola tanam, intensitas tanam, dan input budidaya.
3) Minta masukan penyuluh terkait kondisi lahan.
4) Tetapkan apakah wilayah perlu masuk daftar prioritas monitoring.","Dinas Kab/Kota, Penyuluh/BPP, analis tanaman pangan",Catatan penyebab kerentanan historis dan rekomendasi tindak lanjut,Sifat hujan: Normal; HTH: 4.0 hari (Pendek); Rasio KAT: 0.56 (Rendah); Prob. Waspada: 38.4%; Prob. Kritis: 0.0%,Normal,Pendek,Rendah,1.020613006385385,3.978755547162685,0.5583422794993036,0.3333333333333333,probabilitas_risiko_historis,1.38
MOJOKERTO,Mei 2026,2026,5,Aman,✅ AMAN,64.3,35.7,0.0,Sensitivitas historis wilayah,Wilayah sensitif berdasarkan pola historis produksi/luas panen,Validasi kerentanan historis,Rendah,Monitoring rutin,"Validasi penyebab kerentanan historis: pola tanam, produktivitas, input budidaya, kesuburan lahan, dan kondisi lapangan.","Risiko terutama didorong oleh sensitivitas historis wilayah. Ini berarti wilayah memiliki riwayat kerentanan produksi/luas panen, sehingga perlu pengecekan faktor non-iklim yang belum tertangkap model. Karena status masih Aman, tindakan difokuskan pada monitoring rutin dan kesiapsiagaan, bukan intervensi prioritas.","1) Bandingkan tren produksi dan luas panen historis.
2) Cek pola tanam, intensitas tanam, dan input budidaya.
3) Minta masukan penyuluh terkait kondisi lahan.
4) Tetapkan apakah wilayah perlu masuk daftar prioritas monitoring.","Dinas Kab/Kota, Penyuluh/BPP, analis tanaman pangan",Catatan penyebab kerentanan historis dan rekomendasi tindak lanjut,Sifat hujan: Normal; HTH: 2.5 hari (Pendek); Rasio KAT: 0.62 (Rendah); Prob. Waspada: 35.7%; Prob. Kritis: 0.0%,Normal,Pendek,Rendah,1.1217321328388066,2.462947032075704,0.6249114937072104,0.3333333333333333,probabilitas_risiko_historis,1.36
PAMEKASAN,Mei 2026,2026,5,Aman,✅ AMAN,70.4,29.6,0.0,Hari tanpa hujan panjang,Kondisi relatif terkendali; tetap perlu monitoring rutin,Antisipasi kekeringan/defisit air,Rendah,Monitoring rutin,"Pantau pengecekan ketersediaan air, saluran irigasi, dan lahan rawan kering; validasi kondisi lapangan bersama penyuluh.","Indikator menunjukkan potensi tekanan air. Wilayah perlu dipantau untuk memastikan sawah tidak mengalami defisit air, terutama pada area tadah hujan atau area dengan akses irigasi terbatas. Karena status masih Aman, tindakan difokuskan pada monitoring rutin dan kesiapsiagaan, bukan intervensi prioritas.","1) Cek sumber air dan kondisi saluran irigasi.
2) Identifikasi area sawah rawan kering bersama penyuluh.
3) Koordinasikan distribusi air/pompanisasi bila diperlukan.
4) Update status wilayah setelah validasi lapangan.","Dinas Kab/Kota, Penyuluh/BPP, pengelola irigasi",Daftar lahan rawan kering dan status ketersediaan air,Sifat hujan: Normal; HTH: 10.9 hari (Panjang); Rasio KAT: 0.59 (Rendah); Prob. Waspada: 29.6%; Prob. Kritis: 0.0%,Normal,Panjang,Rendah,0.9168875873928072,10.944942005579213,0.5913747151406815,0.2142857142857142,probabilitas_risiko_historis,1.3
NGANJUK,Mei 2026,2026,5,Aman,✅ AMAN,72.1,27.9,0.0,Sensitivitas historis wilayah,Wilayah sensitif berdasarkan pola historis produksi/luas panen,Validasi kerentanan historis,Rendah,Monitoring rutin,"Validasi penyebab kerentanan historis: pola tanam, produktivitas, input budidaya, kesuburan lahan, dan kondisi lapangan.","Risiko terutama didorong oleh sensitivitas historis wilayah. Ini berarti wilayah memiliki riwayat kerentanan produksi/luas panen, sehingga perlu pengecekan faktor non-iklim yang belum tertangkap model. Karena status masih Aman, tindakan difokuskan pada monitoring rutin dan kesiapsiagaan, bukan intervensi prioritas.","1) Bandingkan tren produksi dan luas panen historis.
2) Cek pola tanam, intensitas tanam, dan input budidaya.
3) Minta masukan penyuluh terkait kondisi lahan.
4) Tetapkan apakah wilayah perlu masuk daftar prioritas monitoring.","Dinas Kab/Kota, Penyuluh/BPP, analis tanaman pangan",Catatan penyebab kerentanan historis dan rekomendasi tindak lanjut,Sifat hujan: Normal; HTH: 2.3 hari (Pendek); Rasio KAT: 0.67 (Agak Rendah); Prob. Waspada: 27.9%; Prob. Kritis: 0.0%,Normal,Pendek,Agak Rendah,1.1201926902032395,2.2782415136338336,0.6713712510438941,0.2857142857142857,probabilitas_risiko_historis,1.28
PASURUAN,Mei 2026,2026,5,Aman,✅ AMAN,73.1,26.9,0.0,Curah hujan atas normal,Potensi kelebihan air/genangan dan peningkatan kelembapan,Antisipasi hujan tinggi/genangan,Rendah,Monitoring rutin,"Pantau potensi genangan, bersihkan drainase, dan lanjutkan pengamatan OPT/penyakit akibat kelembapan tinggi.","Curah hujan di atas normal dapat meningkatkan risiko genangan, kerusakan lahan, serta kelembapan yang mendukung penyakit tanaman. Tindakan awal perlu difokuskan pada drainase dan monitoring lapangan. Karena status masih Aman, tindakan difokuskan pada monitoring rutin dan kesiapsiagaan, bukan intervensi prioritas.","1) Cek saluran drainase dan titik rawan genangan.
2) Validasi area sawah yang tergenang/berdrainase buruk.
3) Tingkatkan pengamatan OPT/penyakit terkait kelembapan.
4) Koordinasikan tindakan cepat bila genangan meluas.","Dinas Kab/Kota, Penyuluh/BPP, POPT, pengelola drainase",Daftar titik rawan genangan dan status pengendalian OPT,Sifat hujan: Atas Normal; HTH: 4.1 hari (Pendek); Rasio KAT: 0.86 (Mendekati Normal); Prob. Waspada: 26.9%; Prob. Kritis: 0.0%,Atas Normal,Pendek,Mendekati Normal,1.3471590344595776,4.119566842523953,0.8577644989434249,0.2857142857142857,probabilitas_risiko_historis,1.27
BANYUWANGI,Mei 2026,2026,5,Aman,✅ AMAN,73.7,26.3,0.0,Sensitivitas historis wilayah,Wilayah sensitif berdasarkan pola historis produksi/luas panen,Validasi kerentanan historis,Rendah,Monitoring rutin,"Validasi penyebab kerentanan historis: pola tanam, produktivitas, input budidaya, kesuburan lahan, dan kondisi lapangan.","Risiko terutama didorong oleh sensitivitas historis wilayah. Ini berarti wilayah memiliki riwayat kerentanan produksi/luas panen, sehingga perlu pengecekan faktor non-iklim yang belum tertangkap model. Karena status masih Aman, tindakan difokuskan pada monitoring rutin dan kesiapsiagaan, bukan intervensi prioritas.","1) Bandingkan tren produksi dan luas panen historis.
2) Cek pola tanam, intensitas tanam, dan input budidaya.
3) Minta masukan penyuluh terkait kondisi lahan.
4) Tetapkan apakah wilayah perlu masuk daftar prioritas monitoring.","Dinas Kab/Kota, Penyuluh/BPP, analis tanaman pangan",Catatan penyebab kerentanan historis dan rekomendasi tindak lanjut,Sifat hujan: Normal; HTH: 8.1 hari (Sedang); Rasio KAT: 0.51 (Rendah); Prob. Waspada: 26.3%; Prob. Kritis: 0.0%,Normal,Sedang,Rendah,0.9759632971616282,8.1324905434999,0.5082656451795302,0.238095238095238,probabilitas_risiko_historis,1.26
MALANG,Mei 2026,2026,5,Aman,✅ AMAN,78.4,21.5,0.1,Ketersediaan air tanah sangat rendah,Potensi tekanan air/kekeringan,Antisipasi kekeringan/defisit air,Rendah,Monitoring rutin,"Pantau pengecekan ketersediaan air, saluran irigasi, dan lahan rawan kering; validasi kondisi lapangan bersama penyuluh.","Indikator menunjukkan potensi tekanan air. Wilayah perlu dipantau untuk memastikan sawah tidak mengalami defisit air, terutama pada area tadah hujan atau area dengan akses irigasi terbatas. Karena status masih Aman, tindakan difokuskan pada monitoring rutin dan kesiapsiagaan, bukan intervensi prioritas.","1) Cek sumber air dan kondisi saluran irigasi.
2) Identifikasi area sawah rawan kering bersama penyuluh.
3) Koordinasikan distribusi air/pompanisasi bila diperlukan.
4) Update status wilayah setelah validasi lapangan.","Dinas Kab/Kota, Penyuluh/BPP, pengelola irigasi",Daftar lahan rawan kering dan status ketersediaan air,Sifat hujan: Normal; HTH: 4.2 hari (Pendek); Rasio KAT: 0.49 (Sangat Rendah); Prob. Waspada: 21.5%; Prob. Kritis: 0.1%,Normal,Pendek,Sangat Rendah,1.0694849974165417,4.22489975580855,0.4867756534294231,0.2261904761904762,probabilitas_risiko_historis,1.22
PONOROGO,Mei 2026,2026,5,Aman,✅ AMAN,80.3,19.6,0.0,Sensitivitas historis wilayah,Wilayah sensitif berdasarkan pola historis produksi/luas panen,Validasi kerentanan historis,Rendah,Monitoring rutin,"Validasi penyebab kerentanan historis: pola tanam, produktivitas, input budidaya, kesuburan lahan, dan kondisi lapangan.","Risiko terutama didorong oleh sensitivitas historis wilayah. Ini berarti wilayah memiliki riwayat kerentanan produksi/luas panen, sehingga perlu pengecekan faktor non-iklim yang belum tertangkap model. Karena status masih Aman, tindakan difokuskan pada monitoring rutin dan kesiapsiagaan, bukan intervensi prioritas.","1) Bandingkan tren produksi dan luas panen historis.
2) Cek pola tanam, intensitas tanam, dan input budidaya.
3) Minta masukan penyuluh terkait kondisi lahan.
4) Tetapkan apakah wilayah perlu masuk daftar prioritas monitoring.","Dinas Kab/Kota, Penyuluh/BPP, analis tanaman pangan",Catatan penyebab kerentanan historis dan rekomendasi tindak lanjut,Sifat hujan: Normal; HTH: 3.3 hari (Pendek); Rasio KAT: 0.56 (Rendah); Prob. Waspada: 19.6%; Prob. Kritis: 0.0%,Normal,Pendek,Rendah,1.080048316883314,3.3143461701227257,0.5628858140009337,0.238095238095238,probabilitas_risiko_historis,1.2
KEDIRI,Mei 2026,2026,5,Aman,✅ AMAN,82.6,17.4,0.0,Sensitivitas historis wilayah,Wilayah sensitif berdasarkan pola historis produksi/luas panen,Validasi kerentanan historis,Rendah,Monitoring rutin,"Validasi penyebab kerentanan historis: pola tanam, produktivitas, input budidaya, kesuburan lahan, dan kondisi lapangan.","Risiko terutama didorong oleh sensitivitas historis wilayah. Ini berarti wilayah memiliki riwayat kerentanan produksi/luas panen, sehingga perlu pengecekan faktor non-iklim yang belum tertangkap model. Karena status masih Aman, tindakan difokuskan pada monitoring rutin dan kesiapsiagaan, bukan intervensi prioritas.","1) Bandingkan tren produksi dan luas panen historis.
2) Cek pola tanam, intensitas tanam, dan input budidaya.
3) Minta masukan penyuluh terkait kondisi lahan.
4) Tetapkan apakah wilayah perlu masuk daftar prioritas monitoring.","Dinas Kab/Kota, Penyuluh/BPP, analis tanaman pangan",Catatan penyebab kerentanan historis dan rekomendasi tindak lanjut,Sifat hujan: Normal; HTH: 2.8 hari (Pendek); Rasio KAT: 0.59 (Rendah); Prob. Waspada: 17.4%; Prob. Kritis: 0.0%,Normal,Pendek,Rendah,1.1357795961564212,2.810267854034521,0.5891732455863126,0.2857142857142857,probabilitas_risiko_historis,1.17
GRESIK,Mei 2026,2026,5,Aman,✅ AMAN,90.0,10.0,0.0,Sensitivitas historis wilayah,Wilayah sensitif berdasarkan pola historis produksi/luas panen,Validasi kerentanan historis,Rendah,Monitoring rutin,"Validasi penyebab kerentanan historis: pola tanam, produktivitas, input budidaya, kesuburan lahan, dan kondisi lapangan.","Risiko terutama didorong oleh sensitivitas historis wilayah. Ini berarti wilayah memiliki riwayat kerentanan produksi/luas panen, sehingga perlu pengecekan faktor non-iklim yang belum tertangkap model. Karena status masih Aman, tindakan difokuskan pada monitoring rutin dan kesiapsiagaan, bukan intervensi prioritas.","1) Bandingkan tren produksi dan luas panen historis.
2) Cek pola tanam, intensitas tanam, dan input budidaya.
3) Minta masukan penyuluh terkait kondisi lahan.
4) Tetapkan apakah wilayah perlu masuk daftar prioritas monitoring.","Dinas Kab/Kota, Penyuluh/BPP, analis tanaman pangan",Catatan penyebab kerentanan historis dan rekomendasi tindak lanjut,Sifat hujan: Normal; HTH: 4.4 hari (Pendek); Rasio KAT: 0.57 (Rendah); Prob. Waspada: 10.0%; Prob. Kritis: 0.0%,Normal,Pendek,Rendah,1.0909998414061133,4.424575108202261,0.5747913804223871,0.1428571428571428,probabilitas_risiko_historis,1.1
MAGETAN,Mei 2026,2026,5,Aman,✅ AMAN,92.3,7.7,0.0,Ketersediaan air tanah sangat rendah,Potensi tekanan air/kekeringan,Antisipasi kekeringan/defisit air,Rendah,Monitoring rutin,"Pantau pengecekan ketersediaan air, saluran irigasi, dan lahan rawan kering; validasi kondisi lapangan bersama penyuluh.","Indikator menunjukkan potensi tekanan air. Wilayah perlu dipantau untuk memastikan sawah tidak mengalami defisit air, terutama pada area tadah hujan atau area dengan akses irigasi terbatas. Karena status masih Aman, tindakan difokuskan pada monitoring rutin dan kesiapsiagaan, bukan intervensi prioritas.","1) Cek sumber air dan kondisi saluran irigasi.
2) Identifikasi area sawah rawan kering bersama penyuluh.
3) Koordinasikan distribusi air/pompanisasi bila diperlukan.
4) Update status wilayah setelah validasi lapangan.","Dinas Kab/Kota, Penyuluh/BPP, pengelola irigasi",Daftar lahan rawan kering dan status ketersediaan air,Sifat hujan: Normal; HTH: 2.9 hari (Pendek); Rasio KAT: 0.45 (Sangat Rendah); Prob. Waspada: 7.7%; Prob. Kritis: 0.0%,Normal,Pendek,Sangat Rendah,1.066068221966154,2.904608059853766,0.4545420636875705,0.1904761904761904,probabilitas_risiko_historis,1.08
BATU,Mei 2026,2026,5,Aman,✅ AMAN,94.7,5.3,0.0,Ketersediaan air tanah sangat rendah,Potensi tekanan air/kekeringan,Antisipasi kekeringan/defisit air,Rendah,Monitoring rutin,"Pantau pengecekan ketersediaan air, saluran irigasi, dan lahan rawan kering; validasi kondisi lapangan bersama penyuluh.","Indikator menunjukkan potensi tekanan air. Wilayah perlu dipantau untuk memastikan sawah tidak mengalami defisit air, terutama pada area tadah hujan atau area dengan akses irigasi terbatas. Karena status masih Aman, tindakan difokuskan pada monitoring rutin dan kesiapsiagaan, bukan intervensi prioritas.","1) Cek sumber air dan kondisi saluran irigasi.
2) Identifikasi area sawah rawan kering bersama penyuluh.
3) Koordinasikan distribusi air/pompanisasi bila diperlukan.
4) Update status wilayah setelah validasi lapangan.","Dinas Kab/Kota, Penyuluh/BPP, pengelola irigasi",Daftar lahan rawan kering dan status ketersediaan air,Sifat hujan: Atas Normal; HTH: 3.5 hari (Pendek); Rasio KAT: 0.43 (Sangat Rendah); Prob. Waspada: 5.3%; Prob. Kritis: 0.0%,Atas Normal,Pendek,Sangat Rendah,1.159232563631065,3.487334137515078,0.429896635600574,0.238095238095238,probabilitas_risiko_historis,1.05
NGAWI,Mei 2026,2026,5,Aman,✅ AMAN,98.6,1.4,0.0,Ketersediaan air tanah sangat rendah,Potensi tekanan air/kekeringan,Antisipasi kekeringan/defisit air,Rendah,Monitoring rutin,"Pantau pengecekan ketersediaan air, saluran irigasi, dan lahan rawan kering; validasi kondisi lapangan bersama penyuluh.","Indikator menunjukkan potensi tekanan air. Wilayah perlu dipantau untuk memastikan sawah tidak mengalami defisit air, terutama pada area tadah hujan atau area dengan akses irigasi terbatas. Karena status masih Aman, tindakan difokuskan pada monitoring rutin dan kesiapsiagaan, bukan intervensi prioritas.","1) Cek sumber air dan kondisi saluran irigasi.
2) Identifikasi area sawah rawan kering bersama penyuluh.
3) Koordinasikan distribusi air/pompanisasi bila diperlukan.
4) Update status wilayah setelah validasi lapangan.","Dinas Kab/Kota, Penyuluh/BPP, pengelola irigasi",Daftar lahan rawan kering dan status ketersediaan air,Sifat hujan: Normal; HTH: 2.8 hari (Pendek); Rasio KAT: 0.46 (Sangat Rendah); Prob. Waspada: 1.4%; Prob. Kritis: 0.0%,Normal,Pendek,Sangat Rendah,1.0231646898766462,2.79604641168887,0.4605296317617292,0.0952380952380952,probabilitas_risiko_historis,1.01
MADIUN,Mei 2026,2026,5,Aman,✅ AMAN,98.9,1.1,0.0,Sensitivitas historis wilayah,Wilayah sensitif berdasarkan pola historis produksi/luas panen,Validasi kerentanan historis,Rendah,Monitoring rutin,"Validasi penyebab kerentanan historis: pola tanam, produktivitas, input budidaya, kesuburan lahan, dan kondisi lapangan.","Risiko terutama didorong oleh sensitivitas historis wilayah. Ini berarti wilayah memiliki riwayat kerentanan produksi/luas panen, sehingga perlu pengecekan faktor non-iklim yang belum tertangkap model. Karena status masih Aman, tindakan difokuskan pada monitoring rutin dan kesiapsiagaan, bukan intervensi prioritas.","1) Bandingkan tren produksi dan luas panen historis.
2) Cek pola tanam, intensitas tanam, dan input budidaya.
3) Minta masukan penyuluh terkait kondisi lahan.
4) Tetapkan apakah wilayah perlu masuk daftar prioritas monitoring.","Dinas Kab/Kota, Penyuluh/BPP, analis tanaman pangan",Catatan penyebab kerentanan historis dan rekomendasi tindak lanjut,Sifat hujan: Normal; HTH: 2.7 hari (Pendek); Rasio KAT: 0.59 (Rendah); Prob. Waspada: 1.1%; Prob. Kritis: 0.0%,Normal,Pendek,Rendah,1.1189617160286758,2.6978249824358267,0.5873312070511715,0.1309523809523809,probabilitas_risiko_historis,1.01
JEMBER,Mei 2026,2026,5,Aman,✅ AMAN,99.1,0.9,0.0,Sensitivitas historis wilayah,Wilayah sensitif berdasarkan pola historis produksi/luas panen,Validasi kerentanan historis,Rendah,Monitoring rutin,"Validasi penyebab kerentanan historis: pola tanam, produktivitas, input budidaya, kesuburan lahan, dan kondisi lapangan.","Risiko terutama didorong oleh sensitivitas historis wilayah. Ini berarti wilayah memiliki riwayat kerentanan produksi/luas panen, sehingga perlu pengecekan faktor non-iklim yang belum tertangkap model. Karena status masih Aman, tindakan difokuskan pada monitoring rutin dan kesiapsiagaan, bukan intervensi prioritas.","1) Bandingkan tren produksi dan luas panen historis.
2) Cek pola tanam, intensitas tanam, dan input budidaya.
3) Minta masukan penyuluh terkait kondisi lahan.
4) Tetapkan apakah wilayah perlu masuk daftar prioritas monitoring.","Dinas Kab/Kota, Penyuluh/BPP, analis tanaman pangan",Catatan penyebab kerentanan historis dan rekomendasi tindak lanjut,Sifat hujan: Normal; HTH: 6.3 hari (Pendek); Rasio KAT: 0.57 (Rendah); Prob. Waspada: 0.9%; Prob. Kritis: 0.0%,Normal,Pendek,Rendah,1.1183103785370705,6.30166902461041,0.5716343077079172,0.1309523809523809,probabilitas_risiko_historis,1.01
BONDOWOSO,Mei 2026,2026,5,Aman,✅ AMAN,99.4,0.6,0.0,Curah hujan atas normal,Potensi kelebihan air/genangan dan peningkatan kelembapan,Antisipasi hujan tinggi/genangan,Rendah,Monitoring rutin,"Pantau potensi genangan, bersihkan drainase, dan lanjutkan pengamatan OPT/penyakit akibat kelembapan tinggi.","Curah hujan di atas normal dapat meningkatkan risiko genangan, kerusakan lahan, serta kelembapan yang mendukung penyakit tanaman. Tindakan awal perlu difokuskan pada drainase dan monitoring lapangan. Karena status masih Aman, tindakan difokuskan pada monitoring rutin dan kesiapsiagaan, bukan intervensi prioritas.","1) Cek saluran drainase dan titik rawan genangan.
2) Validasi area sawah yang tergenang/berdrainase buruk.
3) Tingkatkan pengamatan OPT/penyakit terkait kelembapan.
4) Koordinasikan tindakan cepat bila genangan meluas.","Dinas Kab/Kota, Penyuluh/BPP, POPT, pengelola drainase",Daftar titik rawan genangan dan status pengendalian OPT,Sifat hujan: Atas Normal; HTH: 7.6 hari (Sedang); Rasio KAT: 0.56 (Rendah); Prob. Waspada: 0.6%; Prob. Kritis: 0.0%,Atas Normal,Sedang,Rendah,1.199305517373046,7.561300762888188,0.555257500989304,0.1071428571428571,probabilitas_risiko_historis,1.01
LUMAJANG,Mei 2026,2026,5,Aman,✅ AMAN,99.9,0.1,0.0,Sensitivitas historis wilayah,Wilayah sensitif berdasarkan pola historis produksi/luas panen,Validasi kerentanan historis,Rendah,Monitoring rutin,"Validasi penyebab kerentanan historis: pola tanam, produktivitas, input budidaya, kesuburan lahan, dan kondisi lapangan.","Risiko terutama didorong oleh sensitivitas historis wilayah. Ini berarti wilayah memiliki riwayat kerentanan produksi/luas panen, sehingga perlu pengecekan faktor non-iklim yang belum tertangkap model. Karena status masih Aman, tindakan difokuskan pada monitoring rutin dan kesiapsiagaan, bukan intervensi prioritas.","1) Bandingkan tren produksi dan luas panen historis.
2) Cek pola tanam, intensitas tanam, dan input budidaya.
3) Minta masukan penyuluh terkait kondisi lahan.
4) Tetapkan apakah wilayah perlu masuk daftar prioritas monitoring.","Dinas Kab/Kota, Penyuluh/BPP, analis tanaman pangan",Catatan penyebab kerentanan historis dan rekomendasi tindak lanjut,Sifat hujan: Normal; HTH: 6.8 hari (Pendek); Rasio KAT: 0.52 (Rendah); Prob. Waspada: 0.1%; Prob. Kritis: 0.0%,Normal,Pendek,Rendah,1.147388474453606,6.773718287526424,0.5172043618872444,0.0476190476190476,probabilitas_risiko_historis,1.0
SURABAYA,Juni 2026,2026,6,Aman,✅ AMAN,59.4,22.9,17.7,Sensitivitas historis wilayah,Wilayah sensitif berdasarkan pola historis produksi/luas panen,Watchlist risiko tersembunyi,Sangat Tinggi,1–3 hari,"Masukkan wilayah ke watchlist: status masih aman, tetapi probabilitas kritis relatif meningkat sehingga perlu observasi tambahan.","Walaupun label saat ini masih Aman, probabilitas Kritis relatif lebih tinggi dibanding wilayah lain. Perlu observasi tambahan untuk mencegah keterlambatan respons.","1) Masukkan wilayah ke daftar watchlist.
2) Pantau indikator iklim dan laporan lapangan.
3) Validasi bersama penyuluh jika tren memburuk.","Dinas Kab/Kota, Penyuluh/BPP, analis tanaman pangan",Status watchlist dan catatan observasi,Sifat hujan: Normal; HTH: 8.1 hari (Sedang); Rasio KAT: 0.91 (Mendekati Normal); Prob. Waspada: 22.9%; Prob. Kritis: 17.7%,Normal,Sedang,Mendekati Normal,0.9604068277325678,8.062424969987996,0.9102009472657292,0.238095238095238,probabilitas_risiko_historis,5.11
BLITAR,Juni 2026,2026,6,Waspada,⚠️ WASPADA,5.3,94.4,0.3,Ketersediaan air tanah rendah,Kondisi relatif terkendali; tetap perlu monitoring rutin,Pemantauan ketersediaan air,Tinggi,3–7 hari,Cek ketersediaan air tanah dan saluran irigasi; pastikan wilayah tidak memasuki kondisi defisit air.,KAT cenderung rendah sehingga perlu dipantau agar tidak berkembang menjadi tekanan air yang lebih serius pada lahan sawah.,"1) Pantau rasio KAT dan tren HTH.
2) Cek kondisi sumber air di wilayah prioritas.
3) Koordinasikan pemantauan irigasi dengan penyuluh.
4) Update rekomendasi jika KAT terus turun.","Dinas Kab/Kota, Penyuluh/BPP, pengelola irigasi",Status ketersediaan air wilayah,Sifat hujan: Normal; HTH: 5.7 hari (Pendek); Rasio KAT: 0.60 (Rendah); Prob. Waspada: 94.4%; Prob. Kritis: 0.3%,Normal,Pendek,Rendah,1.0321694384158926,5.692263396788834,0.5978143099622418,0.3571428571428571,total_hujan_lag2,3.96
TUBAN,Juni 2026,2026,6,Waspada,⚠️ WASPADA,9.3,90.6,0.1,Curah hujan bawah normal + KAT rendah,Potensi tekanan air/kekeringan,Antisipasi kekeringan/defisit air,Tinggi,3–7 hari,"Prioritaskan pengecekan ketersediaan air, saluran irigasi, dan lahan rawan kering; validasi kondisi lapangan bersama penyuluh.","Indikator menunjukkan potensi tekanan air. Wilayah perlu dipantau untuk memastikan sawah tidak mengalami defisit air, terutama pada area tadah hujan atau area dengan akses irigasi terbatas.","1) Cek sumber air dan kondisi saluran irigasi.
2) Identifikasi area sawah rawan kering bersama penyuluh.
3) Koordinasikan distribusi air/pompanisasi bila diperlukan.
4) Update status wilayah setelah validasi lapangan.","Dinas Kab/Kota, Penyuluh/BPP, pengelola irigasi",Daftar lahan rawan kering dan status ketersediaan air,Sifat hujan: Bawah Normal; HTH: 6.1 hari (Pendek); Rasio KAT: 0.56 (Rendah); Prob. Waspada: 90.6%; Prob. Kritis: 0.1%,Bawah Normal,Pendek,Rendah,0.8324505677712458,6.103396543446952,0.5582064264024743,0.4761904761904761,total_hujan_lag2,3.91
SITUBONDO,Juni 2026,2026,6,Waspada,⚠️ WASPADA,9.1,90.9,0.0,Curah hujan bawah normal + KAT rendah,Potensi tekanan air/kekeringan,Antisipasi kekeringan/defisit air,Tinggi,3–7 hari,"Prioritaskan pengecekan ketersediaan air, saluran irigasi, dan lahan rawan kering; validasi kondisi lapangan bersama penyuluh.","Indikator menunjukkan potensi tekanan air. Wilayah perlu dipantau untuk memastikan sawah tidak mengalami defisit air, terutama pada area tadah hujan atau area dengan akses irigasi terbatas.","1) Cek sumber air dan kondisi saluran irigasi.
2) Identifikasi area sawah rawan kering bersama penyuluh.
3) Koordinasikan distribusi air/pompanisasi bila diperlukan.
4) Update status wilayah setelah validasi lapangan.","Dinas Kab/Kota, Penyuluh/BPP, pengelola irigasi",Daftar lahan rawan kering dan status ketersediaan air,Sifat hujan: Bawah Normal; HTH: 9.1 hari (Sedang); Rasio KAT: 0.55 (Rendah); Prob. Waspada: 90.9%; Prob. Kritis: 0.0%,Bawah Normal,Sedang,Rendah,0.8432971561783892,9.100800686302543,0.5477679834287066,0.2619047619047619,total_hujan_lag2,3.91
PROBOLINGGO,Juni 2026,2026,6,Waspada,⚠️ WASPADA,16.1,83.3,0.6,Sensitivitas historis wilayah,Wilayah sensitif berdasarkan pola historis produksi/luas panen,Validasi kerentanan historis,Tinggi,3–7 hari,"Validasi penyebab kerentanan historis: pola tanam, produktivitas, input budidaya, kesuburan lahan, dan kondisi lapangan.","Risiko terutama didorong oleh sensitivitas historis wilayah. Ini berarti wilayah memiliki riwayat kerentanan produksi/luas panen, sehingga perlu pengecekan faktor non-iklim yang belum tertangkap model.","1) Bandingkan tren produksi dan luas panen historis.
2) Cek pola tanam, intensitas tanam, dan input budidaya.
3) Minta masukan penyuluh terkait kondisi lahan.
4) Tetapkan apakah wilayah perlu masuk daftar prioritas monitoring.","Dinas Kab/Kota, Penyuluh/BPP, analis tanaman pangan",Catatan penyebab kerentanan historis dan rekomendasi tindak lanjut,Sifat hujan: Normal; HTH: 8.2 hari (Sedang); Rasio KAT: 0.72 (Agak Rendah); Prob. Waspada: 83.3%; Prob. Kritis: 0.6%,Normal,Sedang,Agak Rendah,0.9660176744508616,8.177727246832879,0.7192074020135025,0.2738095238095238,probabilitas_risiko_historis,3.86
SIDOARJO,Juni 2026,2026,6,Waspada,⚠️ WASPADA,39.0,56.2,4.8,Tekanan iklim relatif normal,Kondisi relatif terkendali; tetap perlu monitoring rutin,Monitoring rutin,Tinggi,3–7 hari,Lakukan pemantauan rutin dan validasi lapangan jika indikator risiko memburuk.,Pantau perkembangan indikator iklim dan kondisi lahan. Pastikan informasi wilayah tetap diperbarui untuk mendukung prioritas monitoring berikutnya.,"1) Pantau perubahan skor risiko.
2) Cek indikator hujan, HTH, dan KAT.
3) Validasi lapangan bila tren memburuk.","Dinas Kab/Kota, Penyuluh/BPP",Catatan monitoring berkala,Sifat hujan: Normal; HTH: 6.9 hari (Pendek); Rasio KAT: 0.87 (Mendekati Normal); Prob. Waspada: 56.2%; Prob. Kritis: 4.8%,Normal,Pendek,Mendekati Normal,1.015134957641237,6.889112452492736,0.86551322893352,0.238095238095238,total_hujan_lag2,3.8
MOJOKERTO,Juni 2026,2026,6,Waspada,⚠️ WASPADA,23.7,76.3,0.1,Sensitivitas historis wilayah,Wilayah sensitif berdasarkan pola historis produksi/luas panen,Validasi kerentanan historis,Tinggi,3–7 hari,"Validasi penyebab kerentanan historis: pola tanam, produktivitas, input budidaya, kesuburan lahan, dan kondisi lapangan.","Risiko terutama didorong oleh sensitivitas historis wilayah. Ini berarti wilayah memiliki riwayat kerentanan produksi/luas panen, sehingga perlu pengecekan faktor non-iklim yang belum tertangkap model.","1) Bandingkan tren produksi dan luas panen historis.
2) Cek pola tanam, intensitas tanam, dan input budidaya.
3) Minta masukan penyuluh terkait kondisi lahan.
4) Tetapkan apakah wilayah perlu masuk daftar prioritas monitoring.","Dinas Kab/Kota, Penyuluh/BPP, analis tanaman pangan",Catatan penyebab kerentanan historis dan rekomendasi tindak lanjut,Sifat hujan: Normal; HTH: 7.0 hari (Pendek); Rasio KAT: 0.64 (Rendah); Prob. Waspada: 76.3%; Prob. Kritis: 0.1%,Normal,Pendek,Rendah,0.9890673629172428,6.990598500675924,0.6434400017482165,0.3333333333333333,probabilitas_risiko_historis,3.77
LAMONGAN,Juni 2026,2026,6,Waspada,⚠️ WASPADA,23.9,76.0,0.0,Curah hujan bawah normal + KAT rendah,Potensi tekanan air/kekeringan,Antisipasi kekeringan/defisit air,Tinggi,3–7 hari,"Prioritaskan pengecekan ketersediaan air, saluran irigasi, dan lahan rawan kering; validasi kondisi lapangan bersama penyuluh.","Indikator menunjukkan potensi tekanan air. Wilayah perlu dipantau untuk memastikan sawah tidak mengalami defisit air, terutama pada area tadah hujan atau area dengan akses irigasi terbatas.","1) Cek sumber air dan kondisi saluran irigasi.
2) Identifikasi area sawah rawan kering bersama penyuluh.
3) Koordinasikan distribusi air/pompanisasi bila diperlukan.
4) Update status wilayah setelah validasi lapangan.","Dinas Kab/Kota, Penyuluh/BPP, pengelola irigasi",Daftar lahan rawan kering dan status ketersediaan air,Sifat hujan: Bawah Normal; HTH: 7.0 hari (Sedang); Rasio KAT: 0.52 (Rendah); Prob. Waspada: 76.0%; Prob. Kritis: 0.0%,Bawah Normal,Sedang,Rendah,0.8180532492600594,7.03449694808312,0.5201944033809575,0.3333333333333333,total_hujan_lag2,3.76
NGANJUK,Juni 2026,2026,6,Waspada,⚠️ WASPADA,26.4,73.2,0.4,Sensitivitas historis wilayah,Wilayah sensitif berdasarkan pola historis produksi/luas panen,Validasi kerentanan historis,Sedang,≤7 hari,"Validasi penyebab kerentanan historis: pola tanam, produktivitas, input budidaya, kesuburan lahan, dan kondisi lapangan.","Risiko terutama didorong oleh sensitivitas historis wilayah. Ini berarti wilayah memiliki riwayat kerentanan produksi/luas panen, sehingga perlu pengecekan faktor non-iklim yang belum tertangkap model.","1) Bandingkan tren produksi dan luas panen historis.
2) Cek pola tanam, intensitas tanam, dan input budidaya.
3) Minta masukan penyuluh terkait kondisi lahan.
4) Tetapkan apakah wilayah perlu masuk daftar prioritas monitoring.","Dinas Kab/Kota, Penyuluh/BPP, analis tanaman pangan",Catatan penyebab kerentanan historis dan rekomendasi tindak lanjut,Sifat hujan: Normal; HTH: 5.8 hari (Pendek); Rasio KAT: 0.69 (Agak Rendah); Prob. Waspada: 73.2%; Prob. Kritis: 0.4%,Normal,Pendek,Agak Rendah,0.9453107134408044,5.754590984974958,0.6892768996726242,0.2857142857142857,probabilitas_risiko_historis,2.75
KEDIRI,Juni 2026,2026,6,Waspada,⚠️ WASPADA,25.4,74.5,0.1,Ketersediaan air tanah rendah,Kondisi relatif terkendali; tetap perlu monitoring rutin,Pemantauan ketersediaan air,Sedang,≤7 hari,Cek ketersediaan air tanah dan saluran irigasi; pastikan wilayah tidak memasuki kondisi defisit air.,KAT cenderung rendah sehingga perlu dipantau agar tidak berkembang menjadi tekanan air yang lebih serius pada lahan sawah.,"1) Pantau rasio KAT dan tren HTH.
2) Cek kondisi sumber air di wilayah prioritas.
3) Koordinasikan pemantauan irigasi dengan penyuluh.
4) Update rekomendasi jika KAT terus turun.","Dinas Kab/Kota, Penyuluh/BPP, pengelola irigasi",Status ketersediaan air wilayah,Sifat hujan: Normal; HTH: 5.1 hari (Pendek); Rasio KAT: 0.61 (Rendah); Prob. Waspada: 74.5%; Prob. Kritis: 0.1%,Normal,Pendek,Rendah,1.0327814773174375,5.107232824826108,0.6079973776902018,0.2857142857142857,total_hujan_lag2,2.75
TULUNGAGUNG,Juni 2026,2026,6,Waspada,⚠️ WASPADA,27.0,73.0,0.1,Ketersediaan air tanah rendah,Kondisi relatif terkendali; tetap perlu monitoring rutin,Pemantauan ketersediaan air,Sedang,≤7 hari,Cek ketersediaan air tanah dan saluran irigasi; pastikan wilayah tidak memasuki kondisi defisit air.,KAT cenderung rendah sehingga perlu dipantau agar tidak berkembang menjadi tekanan air yang lebih serius pada lahan sawah.,"1) Pantau rasio KAT dan tren HTH.
2) Cek kondisi sumber air di wilayah prioritas.
3) Koordinasikan pemantauan irigasi dengan penyuluh.
4) Update rekomendasi jika KAT terus turun.","Dinas Kab/Kota, Penyuluh/BPP, pengelola irigasi",Status ketersediaan air wilayah,Sifat hujan: Normal; HTH: 7.4 hari (Sedang); Rasio KAT: 0.59 (Rendah); Prob. Waspada: 73.0%; Prob. Kritis: 0.1%,Normal,Sedang,Rendah,1.105727025250894,7.409837759636251,0.5932872450022373,0.3333333333333333,total_hujan_lag2,2.74
TRENGGALEK,Juni 2026,2026,6,Waspada,⚠️ WASPADA,26.9,73.1,0.0,Curah hujan atas normal,Potensi kelebihan air/genangan dan peningkatan kelembapan,Antisipasi hujan tinggi/genangan,Sedang,≤7 hari,"Pantau potensi genangan, bersihkan drainase, dan tingkatkan pengamatan OPT/penyakit akibat kelembapan tinggi.","Curah hujan di atas normal dapat meningkatkan risiko genangan, kerusakan lahan, serta kelembapan yang mendukung penyakit tanaman. Tindakan awal perlu difokuskan pada drainase dan monitoring lapangan.","1) Cek saluran drainase dan titik rawan genangan.
2) Validasi area sawah yang tergenang/berdrainase buruk.
3) Tingkatkan pengamatan OPT/penyakit terkait kelembapan.
4) Koordinasikan tindakan cepat bila genangan meluas.","Dinas Kab/Kota, Penyuluh/BPP, POPT, pengelola drainase",Daftar titik rawan genangan dan status pengendalian OPT,Sifat hujan: Atas Normal; HTH: 6.9 hari (Pendek); Rasio KAT: 0.58 (Rendah); Prob. Waspada: 73.1%; Prob. Kritis: 0.0%,Atas Normal,Pendek,Rendah,1.203999442259211,6.945614200736475,0.5765055708148511,0.3333333333333333,total_hujan_lag2,2.73
BANGKALAN,Juni 2026,2026,6,Waspada,⚠️ WASPADA,33.6,65.4,1.0,HTH sedang dan perlu dipantau,Hari tanpa hujan mulai perlu dipantau,Pemantauan hari tanpa hujan,Sedang,≤7 hari,Pantau perkembangan HTH dan kondisi air lahan; lakukan validasi jika HTH berlanjut atau KAT menurun.,"HTH sudah mulai meningkat sehingga wilayah perlu dipantau sebagai sinyal awal tekanan air, terutama bila diikuti penurunan KAT.","1) Pantau HTH harian/mingguan.
2) Cek kelembapan/ketersediaan air di lahan.
3) Informasikan penyuluh untuk observasi lapangan.
4) Naikkan prioritas jika HTH melewati ambang panjang.","Dinas Kab/Kota, Penyuluh/BPP",Update HTH dan status observasi lapangan,Sifat hujan: Normal; HTH: 8.4 hari (Sedang); Rasio KAT: 0.72 (Agak Rendah); Prob. Waspada: 65.4%; Prob. Kritis: 1.0%,Normal,Sedang,Agak Rendah,0.9268073408155388,8.37123745819398,0.7246118989372419,0.3214285714285714,total_hujan_lag2,2.7
BOJONEGORO,Juni 2026,2026,6,Waspada,⚠️ WASPADA,35.1,64.8,0.1,Ketersediaan air tanah rendah,Kondisi relatif terkendali; tetap perlu monitoring rutin,Pemantauan ketersediaan air,Sedang,≤7 hari,Cek ketersediaan air tanah dan saluran irigasi; pastikan wilayah tidak memasuki kondisi defisit air.,KAT cenderung rendah sehingga perlu dipantau agar tidak berkembang menjadi tekanan air yang lebih serius pada lahan sawah.,"1) Pantau rasio KAT dan tren HTH.
2) Cek kondisi sumber air di wilayah prioritas.
3) Koordinasikan pemantauan irigasi dengan penyuluh.
4) Update rekomendasi jika KAT terus turun.","Dinas Kab/Kota, Penyuluh/BPP, pengelola irigasi",Status ketersediaan air wilayah,Sifat hujan: Normal; HTH: 5.1 hari (Pendek); Rasio KAT: 0.59 (Rendah); Prob. Waspada: 64.8%; Prob. Kritis: 0.1%,Normal,Pendek,Rendah,0.8768219569848319,5.058128078817731,0.5904584491608131,0.3452380952380952,total_hujan_lag2,2.65
SUMENEP,Juni 2026,2026,6,Waspada,⚠️ WASPADA,44.5,54.3,1.2,KAT sangat rendah + HTH panjang,Potensi tekanan air/kekeringan,Antisipasi kekeringan/defisit air,Sedang,≤7 hari,"Prioritaskan pengecekan ketersediaan air, saluran irigasi, dan lahan rawan kering; validasi kondisi lapangan bersama penyuluh.","Indikator menunjukkan potensi tekanan air. Wilayah perlu dipantau untuk memastikan sawah tidak mengalami defisit air, terutama pada area tadah hujan atau area dengan akses irigasi terbatas.","1) Cek sumber air dan kondisi saluran irigasi.
2) Identifikasi area sawah rawan kering bersama penyuluh.
3) Koordinasikan distribusi air/pompanisasi bila diperlukan.
4) Update status wilayah setelah validasi lapangan.","Dinas Kab/Kota, Penyuluh/BPP, pengelola irigasi",Daftar lahan rawan kering dan status ketersediaan air,Sifat hujan: Bawah Normal; HTH: 13.2 hari (Panjang); Rasio KAT: 0.29 (Sangat Rendah); Prob. Waspada: 54.3%; Prob. Kritis: 1.2%,Bawah Normal,Panjang,Sangat Rendah,0.6631627563329181,13.178233438485806,0.2948420589087715,0.2619047619047619,total_hujan_lag2,2.6
PACITAN,Juni 2026,2026,6,Waspada,⚠️ WASPADA,39.9,60.0,0.1,Curah hujan atas normal,Potensi kelebihan air/genangan dan peningkatan kelembapan,Antisipasi hujan tinggi/genangan,Sedang,≤7 hari,"Pantau potensi genangan, bersihkan drainase, dan tingkatkan pengamatan OPT/penyakit akibat kelembapan tinggi.","Curah hujan di atas normal dapat meningkatkan risiko genangan, kerusakan lahan, serta kelembapan yang mendukung penyakit tanaman. Tindakan awal perlu difokuskan pada drainase dan monitoring lapangan.","1) Cek saluran drainase dan titik rawan genangan.
2) Validasi area sawah yang tergenang/berdrainase buruk.
3) Tingkatkan pengamatan OPT/penyakit terkait kelembapan.
4) Koordinasikan tindakan cepat bila genangan meluas.","Dinas Kab/Kota, Penyuluh/BPP, POPT, pengelola drainase",Daftar titik rawan genangan dan status pengendalian OPT,Sifat hujan: Atas Normal; HTH: 6.3 hari (Pendek); Rasio KAT: 0.71 (Agak Rendah); Prob. Waspada: 60.0%; Prob. Kritis: 0.1%,Atas Normal,Pendek,Agak Rendah,1.2874809459246226,6.347923774652575,0.7059896193755448,0.3452380952380952,total_hujan_lag2,2.6
MALANG,Juni 2026,2026,6,Waspada,⚠️ WASPADA,45.7,53.6,0.6,Ketersediaan air tanah rendah,Kondisi relatif terkendali; tetap perlu monitoring rutin,Pemantauan ketersediaan air,Sedang,≤7 hari,Cek ketersediaan air tanah dan saluran irigasi; pastikan wilayah tidak memasuki kondisi defisit air.,KAT cenderung rendah sehingga perlu dipantau agar tidak berkembang menjadi tekanan air yang lebih serius pada lahan sawah.,"1) Pantau rasio KAT dan tren HTH.
2) Cek kondisi sumber air di wilayah prioritas.
3) Koordinasikan pemantauan irigasi dengan penyuluh.
4) Update rekomendasi jika KAT terus turun.","Dinas Kab/Kota, Penyuluh/BPP, pengelola irigasi",Status ketersediaan air wilayah,Sifat hujan: Normal; HTH: 8.5 hari (Sedang); Rasio KAT: 0.50 (Rendah); Prob. Waspada: 53.6%; Prob. Kritis: 0.6%,Normal,Sedang,Rendah,0.9374071977005056,8.548479316639686,0.5022950190185551,0.2261904761904762,total_hujan_lag2,2.57
PONOROGO,Juni 2026,2026,6,Waspada,⚠️ WASPADA,46.1,53.8,0.1,Ketersediaan air tanah rendah,Kondisi relatif terkendali; tetap perlu monitoring rutin,Pemantauan ketersediaan air,Sedang,≤7 hari,Cek ketersediaan air tanah dan saluran irigasi; pastikan wilayah tidak memasuki kondisi defisit air.,KAT cenderung rendah sehingga perlu dipantau agar tidak berkembang menjadi tekanan air yang lebih serius pada lahan sawah.,"1) Pantau rasio KAT dan tren HTH.
2) Cek kondisi sumber air di wilayah prioritas.
3) Koordinasikan pemantauan irigasi dengan penyuluh.
4) Update rekomendasi jika KAT terus turun.","Dinas Kab/Kota, Penyuluh/BPP, pengelola irigasi",Status ketersediaan air wilayah,Sifat hujan: Normal; HTH: 6.1 hari (Pendek); Rasio KAT: 0.58 (Rendah); Prob. Waspada: 53.8%; Prob. Kritis: 0.1%,Normal,Pendek,Rendah,1.132128095558434,6.104443504020314,0.5801596891945976,0.238095238095238,total_hujan_lag2,2.54
BATU,Juni 2026,2026,6,Aman,✅ AMAN,56.4,43.0,0.6,Ketersediaan air tanah sangat rendah,Potensi tekanan air/kekeringan,Antisipasi kekeringan/defisit air,Rendah,Monitoring rutin,"Pantau pengecekan ketersediaan air, saluran irigasi, dan lahan rawan kering; validasi kondisi lapangan bersama penyuluh.","Indikator menunjukkan potensi tekanan air. Wilayah perlu dipantau untuk memastikan sawah tidak mengalami defisit air, terutama pada area tadah hujan atau area dengan akses irigasi terbatas. Karena status masih Aman, tindakan difokuskan pada monitoring rutin dan kesiapsiagaan, bukan intervensi prioritas.","1) Cek sumber air dan kondisi saluran irigasi.
2) Identifikasi area sawah rawan kering bersama penyuluh.
3) Koordinasikan distribusi air/pompanisasi bila diperlukan.
4) Update status wilayah setelah validasi lapangan.","Dinas Kab/Kota, Penyuluh/BPP, pengelola irigasi",Daftar lahan rawan kering dan status ketersediaan air,Sifat hujan: Normal; HTH: 8.0 hari (Sedang); Rasio KAT: 0.44 (Sangat Rendah); Prob. Waspada: 43.0%; Prob. Kritis: 0.6%,Normal,Sedang,Sangat Rendah,0.8557855140109617,7.957780458383595,0.4448276149968799,0.238095238095238,probabilitas_risiko_historis,1.46
JOMBANG,Juni 2026,2026,6,Aman,✅ AMAN,54.0,45.9,0.1,Sensitivitas historis wilayah,Wilayah sensitif berdasarkan pola historis produksi/luas panen,Validasi kerentanan historis,Rendah,Monitoring rutin,"Validasi penyebab kerentanan historis: pola tanam, produktivitas, input budidaya, kesuburan lahan, dan kondisi lapangan.","Risiko terutama didorong oleh sensitivitas historis wilayah. Ini berarti wilayah memiliki riwayat kerentanan produksi/luas panen, sehingga perlu pengecekan faktor non-iklim yang belum tertangkap model. Karena status masih Aman, tindakan difokuskan pada monitoring rutin dan kesiapsiagaan, bukan intervensi prioritas.","1) Bandingkan tren produksi dan luas panen historis.
2) Cek pola tanam, intensitas tanam, dan input budidaya.
3) Minta masukan penyuluh terkait kondisi lahan.
4) Tetapkan apakah wilayah perlu masuk daftar prioritas monitoring.","Dinas Kab/Kota, Penyuluh/BPP, analis tanaman pangan",Catatan penyebab kerentanan historis dan rekomendasi tindak lanjut,Sifat hujan: Normal; HTH: 6.8 hari (Pendek); Rasio KAT: 0.67 (Agak Rendah); Prob. Waspada: 45.9%; Prob. Kritis: 0.1%,Normal,Pendek,Agak Rendah,0.8716297616628492,6.802797352124707,0.6711261962877144,0.2857142857142857,probabilitas_risiko_historis,1.46
SAMPANG,Juni 2026,2026,6,Aman,✅ AMAN,64.7,33.4,1.9,Sensitivitas historis wilayah,Wilayah sensitif berdasarkan pola historis produksi/luas panen,Validasi kerentanan historis,Rendah,Monitoring rutin,"Validasi penyebab kerentanan historis: pola tanam, produktivitas, input budidaya, kesuburan lahan, dan kondisi lapangan.","Risiko terutama didorong oleh sensitivitas historis wilayah. Ini berarti wilayah memiliki riwayat kerentanan produksi/luas panen, sehingga perlu pengecekan faktor non-iklim yang belum tertangkap model. Karena status masih Aman, tindakan difokuskan pada monitoring rutin dan kesiapsiagaan, bukan intervensi prioritas.","1) Bandingkan tren produksi dan luas panen historis.
2) Cek pola tanam, intensitas tanam, dan input budidaya.
3) Minta masukan penyuluh terkait kondisi lahan.
4) Tetapkan apakah wilayah perlu masuk daftar prioritas monitoring.","Dinas Kab/Kota, Penyuluh/BPP, analis tanaman pangan",Catatan penyebab kerentanan historis dan rekomendasi tindak lanjut,Sifat hujan: Normal; HTH: 8.6 hari (Sedang); Rasio KAT: 0.69 (Agak Rendah); Prob. Waspada: 33.4%; Prob. Kritis: 1.9%,Normal,Sedang,Agak Rendah,0.8603725775254578,8.556348498364553,0.6947885455841606,0.2261904761904762,probabilitas_risiko_historis,1.43
GRESIK,Juni 2026,2026,6,Aman,✅ AMAN,67.2,32.7,0.1,Sensitivitas historis wilayah,Wilayah sensitif berdasarkan pola historis produksi/luas panen,Validasi kerentanan historis,Rendah,Monitoring rutin,"Validasi penyebab kerentanan historis: pola tanam, produktivitas, input budidaya, kesuburan lahan, dan kondisi lapangan.","Risiko terutama didorong oleh sensitivitas historis wilayah. Ini berarti wilayah memiliki riwayat kerentanan produksi/luas panen, sehingga perlu pengecekan faktor non-iklim yang belum tertangkap model. Karena status masih Aman, tindakan difokuskan pada monitoring rutin dan kesiapsiagaan, bukan intervensi prioritas.","1) Bandingkan tren produksi dan luas panen historis.
2) Cek pola tanam, intensitas tanam, dan input budidaya.
3) Minta masukan penyuluh terkait kondisi lahan.
4) Tetapkan apakah wilayah perlu masuk daftar prioritas monitoring.","Dinas Kab/Kota, Penyuluh/BPP, analis tanaman pangan",Catatan penyebab kerentanan historis dan rekomendasi tindak lanjut,Sifat hujan: Normal; HTH: 8.4 hari (Sedang); Rasio KAT: 0.58 (Rendah); Prob. Waspada: 32.7%; Prob. Kritis: 0.1%,Normal,Sedang,Rendah,0.8590579573110485,8.373588092473346,0.5773145333169434,0.1428571428571428,probabilitas_risiko_historis,1.33
MAGETAN,Juni 2026,2026,6,Aman,✅ AMAN,72.9,27.0,0.1,Ketersediaan air tanah sangat rendah,Potensi tekanan air/kekeringan,Antisipasi kekeringan/defisit air,Rendah,Monitoring rutin,"Pantau pengecekan ketersediaan air, saluran irigasi, dan lahan rawan kering; validasi kondisi lapangan bersama penyuluh.","Indikator menunjukkan potensi tekanan air. Wilayah perlu dipantau untuk memastikan sawah tidak mengalami defisit air, terutama pada area tadah hujan atau area dengan akses irigasi terbatas. Karena status masih Aman, tindakan difokuskan pada monitoring rutin dan kesiapsiagaan, bukan intervensi prioritas.","1) Cek sumber air dan kondisi saluran irigasi.
2) Identifikasi area sawah rawan kering bersama penyuluh.
3) Koordinasikan distribusi air/pompanisasi bila diperlukan.
4) Update status wilayah setelah validasi lapangan.","Dinas Kab/Kota, Penyuluh/BPP, pengelola irigasi",Daftar lahan rawan kering dan status ketersediaan air,Sifat hujan: Normal; HTH: 5.8 hari (Pendek); Rasio KAT: 0.47 (Sangat Rendah); Prob. Waspada: 27.0%; Prob. Kritis: 0.1%,Normal,Pendek,Sangat Rendah,1.0224524168900322,5.777418806325455,0.4659523042174591,0.1904761904761904,probabilitas_risiko_historis,1.27
PASURUAN,Juni 2026,2026,6,Aman,✅ AMAN,76.7,23.3,0.1,Sensitivitas historis wilayah,Wilayah sensitif berdasarkan pola historis produksi/luas panen,Validasi kerentanan historis,Rendah,Monitoring rutin,"Validasi penyebab kerentanan historis: pola tanam, produktivitas, input budidaya, kesuburan lahan, dan kondisi lapangan.","Risiko terutama didorong oleh sensitivitas historis wilayah. Ini berarti wilayah memiliki riwayat kerentanan produksi/luas panen, sehingga perlu pengecekan faktor non-iklim yang belum tertangkap model. Karena status masih Aman, tindakan difokuskan pada monitoring rutin dan kesiapsiagaan, bukan intervensi prioritas.","1) Bandingkan tren produksi dan luas panen historis.
2) Cek pola tanam, intensitas tanam, dan input budidaya.
3) Minta masukan penyuluh terkait kondisi lahan.
4) Tetapkan apakah wilayah perlu masuk daftar prioritas monitoring.","Dinas Kab/Kota, Penyuluh/BPP, analis tanaman pangan",Catatan penyebab kerentanan historis dan rekomendasi tindak lanjut,Sifat hujan: Normal; HTH: 8.0 hari (Sedang); Rasio KAT: 0.89 (Mendekati Normal); Prob. Waspada: 23.3%; Prob. Kritis: 0.1%,Normal,Sedang,Mendekati Normal,1.005648857537498,7.974984546109304,0.8937499315922776,0.2857142857142857,probabilitas_risiko_historis,1.24
BANYUWANGI,Juni 2026,2026,6,Aman,✅ AMAN,79.0,20.6,0.3,Sensitivitas historis wilayah,Wilayah sensitif berdasarkan pola historis produksi/luas panen,Validasi kerentanan historis,Rendah,Monitoring rutin,"Validasi penyebab kerentanan historis: pola tanam, produktivitas, input budidaya, kesuburan lahan, dan kondisi lapangan.","Risiko terutama didorong oleh sensitivitas historis wilayah. Ini berarti wilayah memiliki riwayat kerentanan produksi/luas panen, sehingga perlu pengecekan faktor non-iklim yang belum tertangkap model. Karena status masih Aman, tindakan difokuskan pada monitoring rutin dan kesiapsiagaan, bukan intervensi prioritas.","1) Bandingkan tren produksi dan luas panen historis.
2) Cek pola tanam, intensitas tanam, dan input budidaya.
3) Minta masukan penyuluh terkait kondisi lahan.
4) Tetapkan apakah wilayah perlu masuk daftar prioritas monitoring.","Dinas Kab/Kota, Penyuluh/BPP, analis tanaman pangan",Catatan penyebab kerentanan historis dan rekomendasi tindak lanjut,Sifat hujan: Normal; HTH: 10.4 hari (Panjang); Rasio KAT: 0.53 (Rendah); Prob. Waspada: 20.6%; Prob. Kritis: 0.3%,Normal,Panjang,Rendah,1.1424791114011643,10.38323710929723,0.5308481944424748,0.238095238095238,probabilitas_risiko_historis,1.22
MADIUN,Juni 2026,2026,6,Aman,✅ AMAN,81.1,18.8,0.1,Sensitivitas historis wilayah,Wilayah sensitif berdasarkan pola historis produksi/luas panen,Validasi kerentanan historis,Rendah,Monitoring rutin,"Validasi penyebab kerentanan historis: pola tanam, produktivitas, input budidaya, kesuburan lahan, dan kondisi lapangan.","Risiko terutama didorong oleh sensitivitas historis wilayah. Ini berarti wilayah memiliki riwayat kerentanan produksi/luas panen, sehingga perlu pengecekan faktor non-iklim yang belum tertangkap model. Karena status masih Aman, tindakan difokuskan pada monitoring rutin dan kesiapsiagaan, bukan intervensi prioritas.","1) Bandingkan tren produksi dan luas panen historis.
2) Cek pola tanam, intensitas tanam, dan input budidaya.
3) Minta masukan penyuluh terkait kondisi lahan.
4) Tetapkan apakah wilayah perlu masuk daftar prioritas monitoring.","Dinas Kab/Kota, Penyuluh/BPP, analis tanaman pangan",Catatan penyebab kerentanan historis dan rekomendasi tindak lanjut,Sifat hujan: Normal; HTH: 5.5 hari (Pendek); Rasio KAT: 0.60 (Rendah); Prob. Waspada: 18.8%; Prob. Kritis: 0.1%,Normal,Pendek,Rendah,0.9347793678624952,5.530491555627922,0.6046253051821981,0.1309523809523809,probabilitas_risiko_historis,1.19
PAMEKASAN,Juni 2026,2026,6,Aman,✅ AMAN,90.2,9.7,0.2,Hari tanpa hujan panjang,Kondisi relatif terkendali; tetap perlu monitoring rutin,Antisipasi kekeringan/defisit air,Rendah,Monitoring rutin,"Pantau pengecekan ketersediaan air, saluran irigasi, dan lahan rawan kering; validasi kondisi lapangan bersama penyuluh.","Indikator menunjukkan potensi tekanan air. Wilayah perlu dipantau untuk memastikan sawah tidak mengalami defisit air, terutama pada area tadah hujan atau area dengan akses irigasi terbatas. Karena status masih Aman, tindakan difokuskan pada monitoring rutin dan kesiapsiagaan, bukan intervensi prioritas.","1) Cek sumber air dan kondisi saluran irigasi.
2) Identifikasi area sawah rawan kering bersama penyuluh.
3) Koordinasikan distribusi air/pompanisasi bila diperlukan.
4) Update status wilayah setelah validasi lapangan.","Dinas Kab/Kota, Penyuluh/BPP, pengelola irigasi",Daftar lahan rawan kering dan status ketersediaan air,Sifat hujan: Bawah Normal; HTH: 10.2 hari (Panjang); Rasio KAT: 0.61 (Rendah); Prob. Waspada: 9.7%; Prob. Kritis: 0.2%,Bawah Normal,Panjang,Rendah,0.7589163964831968,10.154602848333576,0.6109551850799604,0.2142857142857142,probabilitas_risiko_historis,1.11
JEMBER,Juni 2026,2026,6,Aman,✅ AMAN,92.7,7.3,0.0,Curah hujan atas normal,Potensi kelebihan air/genangan dan peningkatan kelembapan,Antisipasi hujan tinggi/genangan,Rendah,Monitoring rutin,"Pantau potensi genangan, bersihkan drainase, dan lanjutkan pengamatan OPT/penyakit akibat kelembapan tinggi.","Curah hujan di atas normal dapat meningkatkan risiko genangan, kerusakan lahan, serta kelembapan yang mendukung penyakit tanaman. Tindakan awal perlu difokuskan pada drainase dan monitoring lapangan. Karena status masih Aman, tindakan difokuskan pada monitoring rutin dan kesiapsiagaan, bukan intervensi prioritas.","1) Cek saluran drainase dan titik rawan genangan.
2) Validasi area sawah yang tergenang/berdrainase buruk.
3) Tingkatkan pengamatan OPT/penyakit terkait kelembapan.
4) Koordinasikan tindakan cepat bila genangan meluas.","Dinas Kab/Kota, Penyuluh/BPP, POPT, pengelola drainase",Daftar titik rawan genangan dan status pengendalian OPT,Sifat hujan: Atas Normal; HTH: 8.5 hari (Sedang); Rasio KAT: 0.59 (Rendah); Prob. Waspada: 7.3%; Prob. Kritis: 0.0%,Atas Normal,Sedang,Rendah,1.194516847898112,8.498146210071287,0.5857163310587172,0.1309523809523809,probabilitas_risiko_historis,1.07
BONDOWOSO,Juni 2026,2026,6,Aman,✅ AMAN,95.8,4.2,0.0,Sensitivitas historis wilayah,Wilayah sensitif berdasarkan pola historis produksi/luas panen,Validasi kerentanan historis,Rendah,Monitoring rutin,"Validasi penyebab kerentanan historis: pola tanam, produktivitas, input budidaya, kesuburan lahan, dan kondisi lapangan.","Risiko terutama didorong oleh sensitivitas historis wilayah. Ini berarti wilayah memiliki riwayat kerentanan produksi/luas panen, sehingga perlu pengecekan faktor non-iklim yang belum tertangkap model. Karena status masih Aman, tindakan difokuskan pada monitoring rutin dan kesiapsiagaan, bukan intervensi prioritas.","1) Bandingkan tren produksi dan luas panen historis.
2) Cek pola tanam, intensitas tanam, dan input budidaya.
3) Minta masukan penyuluh terkait kondisi lahan.
4) Tetapkan apakah wilayah perlu masuk daftar prioritas monitoring.","Dinas Kab/Kota, Penyuluh/BPP, analis tanaman pangan",Catatan penyebab kerentanan historis dan rekomendasi tindak lanjut,Sifat hujan: Normal; HTH: 8.7 hari (Sedang); Rasio KAT: 0.57 (Rendah); Prob. Waspada: 4.2%; Prob. Kritis: 0.0%,Normal,Sedang,Rendah,0.9198322155625428,8.693765893503892,0.5672207784919904,0.1071428571428571,probabilitas_risiko_historis,1.04
NGAWI,Juni 2026,2026,6,Aman,✅ AMAN,96.6,3.4,0.0,Ketersediaan air tanah sangat rendah,Potensi tekanan air/kekeringan,Antisipasi kekeringan/defisit air,Rendah,Monitoring rutin,"Pantau pengecekan ketersediaan air, saluran irigasi, dan lahan rawan kering; validasi kondisi lapangan bersama penyuluh.","Indikator menunjukkan potensi tekanan air. Wilayah perlu dipantau untuk memastikan sawah tidak mengalami defisit air, terutama pada area tadah hujan atau area dengan akses irigasi terbatas. Karena status masih Aman, tindakan difokuskan pada monitoring rutin dan kesiapsiagaan, bukan intervensi prioritas.","1) Cek sumber air dan kondisi saluran irigasi.
2) Identifikasi area sawah rawan kering bersama penyuluh.
3) Koordinasikan distribusi air/pompanisasi bila diperlukan.
4) Update status wilayah setelah validasi lapangan.","Dinas Kab/Kota, Penyuluh/BPP, pengelola irigasi",Daftar lahan rawan kering dan status ketersediaan air,Sifat hujan: Normal; HTH: 4.6 hari (Pendek); Rasio KAT: 0.47 (Sangat Rendah); Prob. Waspada: 3.4%; Prob. Kritis: 0.0%,Normal,Pendek,Sangat Rendah,1.0204970327092375,4.594241512677266,0.4728682996743229,0.0952380952380952,probabilitas_risiko_historis,1.03
LUMAJANG,Juni 2026,2026,6,Aman,✅ AMAN,98.5,1.5,0.0,Sensitivitas historis wilayah,Wilayah sensitif berdasarkan pola historis produksi/luas panen,Validasi kerentanan historis,Rendah,Monitoring rutin,"Validasi penyebab kerentanan historis: pola tanam, produktivitas, input budidaya, kesuburan lahan, dan kondisi lapangan.","Risiko terutama didorong oleh sensitivitas historis wilayah. Ini berarti wilayah memiliki riwayat kerentanan produksi/luas panen, sehingga perlu pengecekan faktor non-iklim yang belum tertangkap model. Karena status masih Aman, tindakan difokuskan pada monitoring rutin dan kesiapsiagaan, bukan intervensi prioritas.","1) Bandingkan tren produksi dan luas panen historis.
2) Cek pola tanam, intensitas tanam, dan input budidaya.
3) Minta masukan penyuluh terkait kondisi lahan.
4) Tetapkan apakah wilayah perlu masuk daftar prioritas monitoring.","Dinas Kab/Kota, Penyuluh/BPP, analis tanaman pangan",Catatan penyebab kerentanan historis dan rekomendasi tindak lanjut,Sifat hujan: Normal; HTH: 8.3 hari (Sedang); Rasio KAT: 0.53 (Rendah); Prob. Waspada: 1.5%; Prob. Kritis: 0.0%,Normal,Sedang,Rendah,1.0297738575927466,8.332584566596193,0.5329498409697155,0.0476190476190476,probabilitas_risiko_historis,1.01
TUBAN,Juli 2026,2026,7,Waspada,⚠️ WASPADA,17.4,82.5,0.1,Hari tanpa hujan panjang,Kondisi relatif terkendali; tetap perlu monitoring rutin,Antisipasi kekeringan/defisit air,Tinggi,3–7 hari,"Prioritaskan pengecekan ketersediaan air, saluran irigasi, dan lahan rawan kering; validasi kondisi lapangan bersama penyuluh.","Indikator menunjukkan potensi tekanan air. Wilayah perlu dipantau untuk memastikan sawah tidak mengalami defisit air, terutama pada area tadah hujan atau area dengan akses irigasi terbatas.","1) Cek sumber air dan kondisi saluran irigasi.
2) Identifikasi area sawah rawan kering bersama penyuluh.
3) Koordinasikan distribusi air/pompanisasi bila diperlukan.
4) Update status wilayah setelah validasi lapangan.","Dinas Kab/Kota, Penyuluh/BPP, pengelola irigasi",Daftar lahan rawan kering dan status ketersediaan air,Sifat hujan: Normal; HTH: 15.0 hari (Sangat Panjang); Rasio KAT: 0.52 (Rendah); Prob. Waspada: 82.5%; Prob. Kritis: 0.1%,Normal,Sangat Panjang,Rendah,1.0,15.0,0.5199365203171925,0.4761904761904761,total_hujan_lag2,3.83
BLITAR,Juli 2026,2026,7,Waspada,⚠️ WASPADA,19.9,79.8,0.3,Hari tanpa hujan panjang,Kondisi relatif terkendali; tetap perlu monitoring rutin,Antisipasi kekeringan/defisit air,Tinggi,3–7 hari,"Prioritaskan pengecekan ketersediaan air, saluran irigasi, dan lahan rawan kering; validasi kondisi lapangan bersama penyuluh.","Indikator menunjukkan potensi tekanan air. Wilayah perlu dipantau untuk memastikan sawah tidak mengalami defisit air, terutama pada area tadah hujan atau area dengan akses irigasi terbatas.","1) Cek sumber air dan kondisi saluran irigasi.
2) Identifikasi area sawah rawan kering bersama penyuluh.
3) Koordinasikan distribusi air/pompanisasi bila diperlukan.
4) Update status wilayah setelah validasi lapangan.","Dinas Kab/Kota, Penyuluh/BPP, pengelola irigasi",Daftar lahan rawan kering dan status ketersediaan air,Sifat hujan: Normal; HTH: 15.0 hari (Sangat Panjang); Rasio KAT: 0.60 (Rendah); Prob. Waspada: 79.8%; Prob. Kritis: 0.3%,Normal,Sangat Panjang,Rendah,1.0,15.0,0.600704515425864,0.3571428571428571,total_hujan_lag2,3.81
PROBOLINGGO,Juli 2026,2026,7,Aman,✅ AMAN,59.2,32.3,8.4,Hari tanpa hujan panjang,Kondisi relatif terkendali; tetap perlu monitoring rutin,Watchlist risiko tersembunyi,Observasi Ketat,7–14 hari,"Masukkan wilayah ke watchlist: status masih aman, tetapi probabilitas kritis relatif meningkat sehingga perlu observasi tambahan.","Walaupun label saat ini masih Aman, probabilitas Kritis relatif lebih tinggi dibanding wilayah lain. Perlu observasi tambahan untuk mencegah keterlambatan respons.","1) Masukkan wilayah ke daftar watchlist.
2) Pantau indikator iklim dan laporan lapangan.
3) Validasi bersama penyuluh jika tren memburuk.","Dinas Kab/Kota, Penyuluh/BPP, analis tanaman pangan",Status watchlist dan catatan observasi,Sifat hujan: Normal; HTH: 15.0 hari (Sangat Panjang); Rasio KAT: 0.72 (Agak Rendah); Prob. Waspada: 32.3%; Prob. Kritis: 8.4%,Normal,Sangat Panjang,Agak Rendah,1.0,15.0,0.7163569491869306,0.2738095238095238,total_hujan_lag2,2.74
BOJONEGORO,Juli 2026,2026,7,Waspada,⚠️ WASPADA,28.1,71.8,0.1,Hari tanpa hujan panjang,Kondisi relatif terkendali; tetap perlu monitoring rutin,Antisipasi kekeringan/defisit air,Sedang,≤7 hari,"Prioritaskan pengecekan ketersediaan air, saluran irigasi, dan lahan rawan kering; validasi kondisi lapangan bersama penyuluh.","Indikator menunjukkan potensi tekanan air. Wilayah perlu dipantau untuk memastikan sawah tidak mengalami defisit air, terutama pada area tadah hujan atau area dengan akses irigasi terbatas.","1) Cek sumber air dan kondisi saluran irigasi.
2) Identifikasi area sawah rawan kering bersama penyuluh.
3) Koordinasikan distribusi air/pompanisasi bila diperlukan.
4) Update status wilayah setelah validasi lapangan.","Dinas Kab/Kota, Penyuluh/BPP, pengelola irigasi",Daftar lahan rawan kering dan status ketersediaan air,Sifat hujan: Normal; HTH: 15.0 hari (Sangat Panjang); Rasio KAT: 0.56 (Rendah); Prob. Waspada: 71.8%; Prob. Kritis: 0.1%,Normal,Sangat Panjang,Rendah,1.0,15.0,0.5636810372597975,0.3452380952380952,total_hujan_lag2,2.72
SUMENEP,Juli 2026,2026,7,Waspada,⚠️ WASPADA,42.6,54.7,2.8,KAT sangat rendah + HTH panjang,Potensi tekanan air/kekeringan,Antisipasi kekeringan/defisit air,Sedang,≤7 hari,"Prioritaskan pengecekan ketersediaan air, saluran irigasi, dan lahan rawan kering; validasi kondisi lapangan bersama penyuluh.","Indikator menunjukkan potensi tekanan air. Wilayah perlu dipantau untuk memastikan sawah tidak mengalami defisit air, terutama pada area tadah hujan atau area dengan akses irigasi terbatas.","1) Cek sumber air dan kondisi saluran irigasi.
2) Identifikasi area sawah rawan kering bersama penyuluh.
3) Koordinasikan distribusi air/pompanisasi bila diperlukan.
4) Update status wilayah setelah validasi lapangan.","Dinas Kab/Kota, Penyuluh/BPP, pengelola irigasi",Daftar lahan rawan kering dan status ketersediaan air,Sifat hujan: Normal; HTH: 15.0 hari (Sangat Panjang); Rasio KAT: 0.26 (Sangat Rendah); Prob. Waspada: 54.7%; Prob. Kritis: 2.8%,Normal,Sangat Panjang,Sangat Rendah,1.0,15.0,0.2568217010712258,0.2619047619047619,total_hujan_lag2,2.69
KEDIRI,Juli 2026,2026,7,Waspada,⚠️ WASPADA,45.3,54.3,0.4,Hari tanpa hujan panjang,Kondisi relatif terkendali; tetap perlu monitoring rutin,Antisipasi kekeringan/defisit air,Sedang,≤7 hari,"Prioritaskan pengecekan ketersediaan air, saluran irigasi, dan lahan rawan kering; validasi kondisi lapangan bersama penyuluh.","Indikator menunjukkan potensi tekanan air. Wilayah perlu dipantau untuk memastikan sawah tidak mengalami defisit air, terutama pada area tadah hujan atau area dengan akses irigasi terbatas.","1) Cek sumber air dan kondisi saluran irigasi.
2) Identifikasi area sawah rawan kering bersama penyuluh.
3) Koordinasikan distribusi air/pompanisasi bila diperlukan.
4) Update status wilayah setelah validasi lapangan.","Dinas Kab/Kota, Penyuluh/BPP, pengelola irigasi",Daftar lahan rawan kering dan status ketersediaan air,Sifat hujan: Normal; HTH: 15.0 hari (Sangat Panjang); Rasio KAT: 0.60 (Rendah); Prob. Waspada: 54.3%; Prob. Kritis: 0.4%,Normal,Sangat Panjang,Rendah,1.0,15.0,0.6043030009352837,0.2857142857142857,total_hujan_lag2,2.56
TULUNGAGUNG,Juli 2026,2026,7,Waspada,⚠️ WASPADA,45.1,54.7,0.2,Hari tanpa hujan panjang,Kondisi relatif terkendali; tetap perlu monitoring rutin,Antisipasi kekeringan/defisit air,Sedang,≤7 hari,"Prioritaskan pengecekan ketersediaan air, saluran irigasi, dan lahan rawan kering; validasi kondisi lapangan bersama penyuluh.","Indikator menunjukkan potensi tekanan air. Wilayah perlu dipantau untuk memastikan sawah tidak mengalami defisit air, terutama pada area tadah hujan atau area dengan akses irigasi terbatas.","1) Cek sumber air dan kondisi saluran irigasi.
2) Identifikasi area sawah rawan kering bersama penyuluh.
3) Koordinasikan distribusi air/pompanisasi bila diperlukan.
4) Update status wilayah setelah validasi lapangan.","Dinas Kab/Kota, Penyuluh/BPP, pengelola irigasi",Daftar lahan rawan kering dan status ketersediaan air,Sifat hujan: Normal; HTH: 15.0 hari (Sangat Panjang); Rasio KAT: 0.60 (Rendah); Prob. Waspada: 54.7%; Prob. Kritis: 0.2%,Normal,Sangat Panjang,Rendah,1.0,15.0,0.5971345895811061,0.3333333333333333,total_hujan_lag2,2.56
TRENGGALEK,Juli 2026,2026,7,Waspada,⚠️ WASPADA,48.3,51.6,0.1,Hari tanpa hujan panjang,Kondisi relatif terkendali; tetap perlu monitoring rutin,Antisipasi kekeringan/defisit air,Sedang,≤7 hari,"Prioritaskan pengecekan ketersediaan air, saluran irigasi, dan lahan rawan kering; validasi kondisi lapangan bersama penyuluh.","Indikator menunjukkan potensi tekanan air. Wilayah perlu dipantau untuk memastikan sawah tidak mengalami defisit air, terutama pada area tadah hujan atau area dengan akses irigasi terbatas.","1) Cek sumber air dan kondisi saluran irigasi.
2) Identifikasi area sawah rawan kering bersama penyuluh.
3) Koordinasikan distribusi air/pompanisasi bila diperlukan.
4) Update status wilayah setelah validasi lapangan.","Dinas Kab/Kota, Penyuluh/BPP, pengelola irigasi",Daftar lahan rawan kering dan status ketersediaan air,Sifat hujan: Normal; HTH: 15.0 hari (Sangat Panjang); Rasio KAT: 0.59 (Rendah); Prob. Waspada: 51.6%; Prob. Kritis: 0.1%,Normal,Sangat Panjang,Rendah,1.0,15.0,0.5896602230157487,0.3333333333333333,total_hujan_lag2,2.52
LAMONGAN,Juli 2026,2026,7,Aman,✅ AMAN,50.5,49.4,0.1,KAT sangat rendah + HTH panjang,Potensi tekanan air/kekeringan,Antisipasi kekeringan/defisit air,Observasi Ketat,7–14 hari,"Prioritaskan pengecekan ketersediaan air, saluran irigasi, dan lahan rawan kering; validasi kondisi lapangan bersama penyuluh.","Indikator menunjukkan potensi tekanan air. Wilayah perlu dipantau untuk memastikan sawah tidak mengalami defisit air, terutama pada area tadah hujan atau area dengan akses irigasi terbatas.","1) Cek sumber air dan kondisi saluran irigasi.
2) Identifikasi area sawah rawan kering bersama penyuluh.
3) Koordinasikan distribusi air/pompanisasi bila diperlukan.
4) Update status wilayah setelah validasi lapangan.","Dinas Kab/Kota, Penyuluh/BPP, pengelola irigasi",Daftar lahan rawan kering dan status ketersediaan air,Sifat hujan: Normal; HTH: 15.0 hari (Sangat Panjang); Rasio KAT: 0.49 (Sangat Rendah); Prob. Waspada: 49.4%; Prob. Kritis: 0.1%,Normal,Sangat Panjang,Sangat Rendah,1.0,15.0,0.4864813027493974,0.3333333333333333,probabilitas_risiko_historis,2.5
MAGETAN,Juli 2026,2026,7,Aman,✅ AMAN,73.2,26.5,0.3,KAT sangat rendah + HTH panjang,Potensi tekanan air/kekeringan,Antisipasi kekeringan/defisit air,Observasi Ketat,7–14 hari,"Prioritaskan pengecekan ketersediaan air, saluran irigasi, dan lahan rawan kering; validasi kondisi lapangan bersama penyuluh.","Indikator menunjukkan potensi tekanan air. Wilayah perlu dipantau untuk memastikan sawah tidak mengalami defisit air, terutama pada area tadah hujan atau area dengan akses irigasi terbatas.","1) Cek sumber air dan kondisi saluran irigasi.
2) Identifikasi area sawah rawan kering bersama penyuluh.
3) Koordinasikan distribusi air/pompanisasi bila diperlukan.
4) Update status wilayah setelah validasi lapangan.","Dinas Kab/Kota, Penyuluh/BPP, pengelola irigasi",Daftar lahan rawan kering dan status ketersediaan air,Sifat hujan: Normal; HTH: 15.0 hari (Sangat Panjang); Rasio KAT: 0.46 (Sangat Rendah); Prob. Waspada: 26.5%; Prob. Kritis: 0.3%,Normal,Sangat Panjang,Sangat Rendah,1.0,15.0,0.4565349567714545,0.1904761904761904,probabilitas_risiko_historis,2.28
BATU,Juli 2026,2026,7,Aman,✅ AMAN,77.4,22.1,0.5,KAT sangat rendah + HTH panjang,Potensi tekanan air/kekeringan,Antisipasi kekeringan/defisit air,Observasi Ketat,7–14 hari,"Prioritaskan pengecekan ketersediaan air, saluran irigasi, dan lahan rawan kering; validasi kondisi lapangan bersama penyuluh.","Indikator menunjukkan potensi tekanan air. Wilayah perlu dipantau untuk memastikan sawah tidak mengalami defisit air, terutama pada area tadah hujan atau area dengan akses irigasi terbatas.","1) Cek sumber air dan kondisi saluran irigasi.
2) Identifikasi area sawah rawan kering bersama penyuluh.
3) Koordinasikan distribusi air/pompanisasi bila diperlukan.
4) Update status wilayah setelah validasi lapangan.","Dinas Kab/Kota, Penyuluh/BPP, pengelola irigasi",Daftar lahan rawan kering dan status ketersediaan air,Sifat hujan: Normal; HTH: 15.0 hari (Sangat Panjang); Rasio KAT: 0.48 (Sangat Rendah); Prob. Waspada: 22.1%; Prob. Kritis: 0.5%,Normal,Sangat Panjang,Sangat Rendah,1.0,15.0,0.4769482180861106,0.238095238095238,probabilitas_risiko_historis,2.25
NGAWI,Juli 2026,2026,7,Aman,✅ AMAN,99.2,0.8,0.1,KAT sangat rendah + HTH panjang,Potensi tekanan air/kekeringan,Antisipasi kekeringan/defisit air,Observasi Ketat,7–14 hari,"Prioritaskan pengecekan ketersediaan air, saluran irigasi, dan lahan rawan kering; validasi kondisi lapangan bersama penyuluh.","Indikator menunjukkan potensi tekanan air. Wilayah perlu dipantau untuk memastikan sawah tidak mengalami defisit air, terutama pada area tadah hujan atau area dengan akses irigasi terbatas.","1) Cek sumber air dan kondisi saluran irigasi.
2) Identifikasi area sawah rawan kering bersama penyuluh.
3) Koordinasikan distribusi air/pompanisasi bila diperlukan.
4) Update status wilayah setelah validasi lapangan.","Dinas Kab/Kota, Penyuluh/BPP, pengelola irigasi",Daftar lahan rawan kering dan status ketersediaan air,Sifat hujan: Normal; HTH: 15.0 hari (Sangat Panjang); Rasio KAT: 0.45 (Sangat Rendah); Prob. Waspada: 0.8%; Prob. Kritis: 0.1%,Normal,Sangat Panjang,Sangat Rendah,1.0,15.0,0.452355494843313,0.0952380952380952,probabilitas_risiko_historis,2.01
PACITAN,Juli 2026,2026,7,Aman,✅ AMAN,53.1,46.8,0.1,Hari tanpa hujan panjang,Kondisi relatif terkendali; tetap perlu monitoring rutin,Antisipasi kekeringan/defisit air,Rendah,Monitoring rutin,"Pantau pengecekan ketersediaan air, saluran irigasi, dan lahan rawan kering; validasi kondisi lapangan bersama penyuluh.","Indikator menunjukkan potensi tekanan air. Wilayah perlu dipantau untuk memastikan sawah tidak mengalami defisit air, terutama pada area tadah hujan atau area dengan akses irigasi terbatas. Karena status masih Aman, tindakan difokuskan pada monitoring rutin dan kesiapsiagaan, bukan intervensi prioritas.","1) Cek sumber air dan kondisi saluran irigasi.
2) Identifikasi area sawah rawan kering bersama penyuluh.
3) Koordinasikan distribusi air/pompanisasi bila diperlukan.
4) Update status wilayah setelah validasi lapangan.","Dinas Kab/Kota, Penyuluh/BPP, pengelola irigasi",Daftar lahan rawan kering dan status ketersediaan air,Sifat hujan: Normal; HTH: 15.0 hari (Sangat Panjang); Rasio KAT: 0.72 (Agak Rendah); Prob. Waspada: 46.8%; Prob. Kritis: 0.1%,Normal,Sangat Panjang,Agak Rendah,1.0,15.0,0.7196898507611653,0.3452380952380952,probabilitas_risiko_historis,1.47
SITUBONDO,Juli 2026,2026,7,Aman,✅ AMAN,60.0,38.4,1.6,Hari tanpa hujan panjang,Kondisi relatif terkendali; tetap perlu monitoring rutin,Antisipasi kekeringan/defisit air,Rendah,Monitoring rutin,"Pantau pengecekan ketersediaan air, saluran irigasi, dan lahan rawan kering; validasi kondisi lapangan bersama penyuluh.","Indikator menunjukkan potensi tekanan air. Wilayah perlu dipantau untuk memastikan sawah tidak mengalami defisit air, terutama pada area tadah hujan atau area dengan akses irigasi terbatas. Karena status masih Aman, tindakan difokuskan pada monitoring rutin dan kesiapsiagaan, bukan intervensi prioritas.","1) Cek sumber air dan kondisi saluran irigasi.
2) Identifikasi area sawah rawan kering bersama penyuluh.
3) Koordinasikan distribusi air/pompanisasi bila diperlukan.
4) Update status wilayah setelah validasi lapangan.","Dinas Kab/Kota, Penyuluh/BPP, pengelola irigasi",Daftar lahan rawan kering dan status ketersediaan air,Sifat hujan: Normal; HTH: 15.0 hari (Sangat Panjang); Rasio KAT: 0.54 (Rendah); Prob. Waspada: 38.4%; Prob. Kritis: 1.6%,Normal,Sangat Panjang,Rendah,1.0,15.0,0.5404980866705835,0.2619047619047619,total_hujan_lag2,1.46
BANGKALAN,Juli 2026,2026,7,Aman,✅ AMAN,57.3,42.0,0.7,Hari tanpa hujan panjang,Kondisi relatif terkendali; tetap perlu monitoring rutin,Antisipasi kekeringan/defisit air,Rendah,Monitoring rutin,"Pantau pengecekan ketersediaan air, saluran irigasi, dan lahan rawan kering; validasi kondisi lapangan bersama penyuluh.","Indikator menunjukkan potensi tekanan air. Wilayah perlu dipantau untuk memastikan sawah tidak mengalami defisit air, terutama pada area tadah hujan atau area dengan akses irigasi terbatas. Karena status masih Aman, tindakan difokuskan pada monitoring rutin dan kesiapsiagaan, bukan intervensi prioritas.","1) Cek sumber air dan kondisi saluran irigasi.
2) Identifikasi area sawah rawan kering bersama penyuluh.
3) Koordinasikan distribusi air/pompanisasi bila diperlukan.
4) Update status wilayah setelah validasi lapangan.","Dinas Kab/Kota, Penyuluh/BPP, pengelola irigasi",Daftar lahan rawan kering dan status ketersediaan air,Sifat hujan: Normal; HTH: 15.0 hari (Sangat Panjang); Rasio KAT: 0.71 (Agak Rendah); Prob. Waspada: 42.0%; Prob. Kritis: 0.7%,Normal,Sangat Panjang,Agak Rendah,1.0,15.0,0.705347045511388,0.3214285714285714,total_hujan_lag2,1.45
PONOROGO,Juli 2026,2026,7,Aman,✅ AMAN,62.2,36.5,1.4,Hari tanpa hujan panjang,Kondisi relatif terkendali; tetap perlu monitoring rutin,Antisipasi kekeringan/defisit air,Rendah,Monitoring rutin,"Pantau pengecekan ketersediaan air, saluran irigasi, dan lahan rawan kering; validasi kondisi lapangan bersama penyuluh.","Indikator menunjukkan potensi tekanan air. Wilayah perlu dipantau untuk memastikan sawah tidak mengalami defisit air, terutama pada area tadah hujan atau area dengan akses irigasi terbatas. Karena status masih Aman, tindakan difokuskan pada monitoring rutin dan kesiapsiagaan, bukan intervensi prioritas.","1) Cek sumber air dan kondisi saluran irigasi.
2) Identifikasi area sawah rawan kering bersama penyuluh.
3) Koordinasikan distribusi air/pompanisasi bila diperlukan.
4) Update status wilayah setelah validasi lapangan.","Dinas Kab/Kota, Penyuluh/BPP, pengelola irigasi",Daftar lahan rawan kering dan status ketersediaan air,Sifat hujan: Normal; HTH: 15.0 hari (Sangat Panjang); Rasio KAT: 0.59 (Rendah); Prob. Waspada: 36.5%; Prob. Kritis: 1.4%,Normal,Sangat Panjang,Rendah,1.0,15.0,0.5855741712682757,0.238095238095238,probabilitas_risiko_historis,1.44
NGANJUK,Juli 2026,2026,7,Aman,✅ AMAN,62.2,37.2,0.6,Hari tanpa hujan panjang,Kondisi relatif terkendali; tetap perlu monitoring rutin,Antisipasi kekeringan/defisit air,Rendah,Monitoring rutin,"Pantau pengecekan ketersediaan air, saluran irigasi, dan lahan rawan kering; validasi kondisi lapangan bersama penyuluh.","Indikator menunjukkan potensi tekanan air. Wilayah perlu dipantau untuk memastikan sawah tidak mengalami defisit air, terutama pada area tadah hujan atau area dengan akses irigasi terbatas. Karena status masih Aman, tindakan difokuskan pada monitoring rutin dan kesiapsiagaan, bukan intervensi prioritas.","1) Cek sumber air dan kondisi saluran irigasi.
2) Identifikasi area sawah rawan kering bersama penyuluh.
3) Koordinasikan distribusi air/pompanisasi bila diperlukan.
4) Update status wilayah setelah validasi lapangan.","Dinas Kab/Kota, Penyuluh/BPP, pengelola irigasi",Daftar lahan rawan kering dan status ketersediaan air,Sifat hujan: Normal; HTH: 15.0 hari (Sangat Panjang); Rasio KAT: 0.68 (Agak Rendah); Prob. Waspada: 37.2%; Prob. Kritis: 0.6%,Normal,Sangat Panjang,Agak Rendah,1.0,15.0,0.675397447095558,0.2857142857142857,probabilitas_risiko_historis,1.4
MOJOKERTO,Juli 2026,2026,7,Aman,✅ AMAN,63.6,36.4,0.1,Hari tanpa hujan panjang,Kondisi relatif terkendali; tetap perlu monitoring rutin,Antisipasi kekeringan/defisit air,Rendah,Monitoring rutin,"Pantau pengecekan ketersediaan air, saluran irigasi, dan lahan rawan kering; validasi kondisi lapangan bersama penyuluh.","Indikator menunjukkan potensi tekanan air. Wilayah perlu dipantau untuk memastikan sawah tidak mengalami defisit air, terutama pada area tadah hujan atau area dengan akses irigasi terbatas. Karena status masih Aman, tindakan difokuskan pada monitoring rutin dan kesiapsiagaan, bukan intervensi prioritas.","1) Cek sumber air dan kondisi saluran irigasi.
2) Identifikasi area sawah rawan kering bersama penyuluh.
3) Koordinasikan distribusi air/pompanisasi bila diperlukan.
4) Update status wilayah setelah validasi lapangan.","Dinas Kab/Kota, Penyuluh/BPP, pengelola irigasi",Daftar lahan rawan kering dan status ketersediaan air,Sifat hujan: Normal; HTH: 15.0 hari (Sangat Panjang); Rasio KAT: 0.62 (Rendah); Prob. Waspada: 36.4%; Prob. Kritis: 0.1%,Normal,Sangat Panjang,Rendah,1.0,15.0,0.6161411967643499,0.3333333333333333,probabilitas_risiko_historis,1.37
JOMBANG,Juli 2026,2026,7,Aman,✅ AMAN,66.6,33.3,0.2,Hari tanpa hujan panjang,Kondisi relatif terkendali; tetap perlu monitoring rutin,Antisipasi kekeringan/defisit air,Rendah,Monitoring rutin,"Pantau pengecekan ketersediaan air, saluran irigasi, dan lahan rawan kering; validasi kondisi lapangan bersama penyuluh.","Indikator menunjukkan potensi tekanan air. Wilayah perlu dipantau untuk memastikan sawah tidak mengalami defisit air, terutama pada area tadah hujan atau area dengan akses irigasi terbatas. Karena status masih Aman, tindakan difokuskan pada monitoring rutin dan kesiapsiagaan, bukan intervensi prioritas.","1) Cek sumber air dan kondisi saluran irigasi.
2) Identifikasi area sawah rawan kering bersama penyuluh.
3) Koordinasikan distribusi air/pompanisasi bila diperlukan.
4) Update status wilayah setelah validasi lapangan.","Dinas Kab/Kota, Penyuluh/BPP, pengelola irigasi",Daftar lahan rawan kering dan status ketersediaan air,Sifat hujan: Normal; HTH: 15.0 hari (Sangat Panjang); Rasio KAT: 0.65 (Rendah); Prob. Waspada: 33.3%; Prob. Kritis: 0.2%,Normal,Sangat Panjang,Rendah,1.0,15.0,0.6451390849537924,0.2857142857142857,probabilitas_risiko_historis,1.34
BANYUWANGI,Juli 2026,2026,7,Aman,✅ AMAN,75.9,22.5,1.6,Hari tanpa hujan panjang,Kondisi relatif terkendali; tetap perlu monitoring rutin,Antisipasi kekeringan/defisit air,Rendah,Monitoring rutin,"Pantau pengecekan ketersediaan air, saluran irigasi, dan lahan rawan kering; validasi kondisi lapangan bersama penyuluh.","Indikator menunjukkan potensi tekanan air. Wilayah perlu dipantau untuk memastikan sawah tidak mengalami defisit air, terutama pada area tadah hujan atau area dengan akses irigasi terbatas. Karena status masih Aman, tindakan difokuskan pada monitoring rutin dan kesiapsiagaan, bukan intervensi prioritas.","1) Cek sumber air dan kondisi saluran irigasi.
2) Identifikasi area sawah rawan kering bersama penyuluh.
3) Koordinasikan distribusi air/pompanisasi bila diperlukan.
4) Update status wilayah setelah validasi lapangan.","Dinas Kab/Kota, Penyuluh/BPP, pengelola irigasi",Daftar lahan rawan kering dan status ketersediaan air,Sifat hujan: Normal; HTH: 15.0 hari (Sangat Panjang); Rasio KAT: 0.55 (Rendah); Prob. Waspada: 22.5%; Prob. Kritis: 1.6%,Normal,Sangat Panjang,Rendah,1.0,15.0,0.5503535530087511,0.238095238095238,probabilitas_risiko_historis,1.31
SIDOARJO,Juli 2026,2026,7,Aman,✅ AMAN,79.2,20.1,0.7,Hari tanpa hujan panjang,Kondisi relatif terkendali; tetap perlu monitoring rutin,Antisipasi kekeringan/defisit air,Rendah,Monitoring rutin,"Pantau pengecekan ketersediaan air, saluran irigasi, dan lahan rawan kering; validasi kondisi lapangan bersama penyuluh.","Indikator menunjukkan potensi tekanan air. Wilayah perlu dipantau untuk memastikan sawah tidak mengalami defisit air, terutama pada area tadah hujan atau area dengan akses irigasi terbatas. Karena status masih Aman, tindakan difokuskan pada monitoring rutin dan kesiapsiagaan, bukan intervensi prioritas.","1) Cek sumber air dan kondisi saluran irigasi.
2) Identifikasi area sawah rawan kering bersama penyuluh.
3) Koordinasikan distribusi air/pompanisasi bila diperlukan.
4) Update status wilayah setelah validasi lapangan.","Dinas Kab/Kota, Penyuluh/BPP, pengelola irigasi",Daftar lahan rawan kering dan status ketersediaan air,Sifat hujan: Normal; HTH: 15.0 hari (Sangat Panjang); Rasio KAT: 0.83 (Mendekati Normal); Prob. Waspada: 20.1%; Prob. Kritis: 0.7%,Normal,Sangat Panjang,Mendekati Normal,1.0,15.0,0.8257820242496536,0.238095238095238,probabilitas_risiko_historis,1.24
SAMPANG,Juli 2026,2026,7,Aman,✅ AMAN,84.2,14.8,1.0,Hari tanpa hujan panjang,Kondisi relatif terkendali; tetap perlu monitoring rutin,Antisipasi kekeringan/defisit air,Rendah,Monitoring rutin,"Pantau pengecekan ketersediaan air, saluran irigasi, dan lahan rawan kering; validasi kondisi lapangan bersama penyuluh.","Indikator menunjukkan potensi tekanan air. Wilayah perlu dipantau untuk memastikan sawah tidak mengalami defisit air, terutama pada area tadah hujan atau area dengan akses irigasi terbatas. Karena status masih Aman, tindakan difokuskan pada monitoring rutin dan kesiapsiagaan, bukan intervensi prioritas.","1) Cek sumber air dan kondisi saluran irigasi.
2) Identifikasi area sawah rawan kering bersama penyuluh.
3) Koordinasikan distribusi air/pompanisasi bila diperlukan.
4) Update status wilayah setelah validasi lapangan.","Dinas Kab/Kota, Penyuluh/BPP, pengelola irigasi",Daftar lahan rawan kering dan status ketersediaan air,Sifat hujan: Normal; HTH: 15.0 hari (Sangat Panjang); Rasio KAT: 0.68 (Agak Rendah); Prob. Waspada: 14.8%; Prob. Kritis: 1.0%,Normal,Sangat Panjang,Agak Rendah,1.0,15.0,0.678796675112423,0.2261904761904762,probabilitas_risiko_historis,1.2
MALANG,Juli 2026,2026,7,Aman,✅ AMAN,85.3,14.4,0.3,Hari tanpa hujan panjang,Kondisi relatif terkendali; tetap perlu monitoring rutin,Antisipasi kekeringan/defisit air,Rendah,Monitoring rutin,"Pantau pengecekan ketersediaan air, saluran irigasi, dan lahan rawan kering; validasi kondisi lapangan bersama penyuluh.","Indikator menunjukkan potensi tekanan air. Wilayah perlu dipantau untuk memastikan sawah tidak mengalami defisit air, terutama pada area tadah hujan atau area dengan akses irigasi terbatas. Karena status masih Aman, tindakan difokuskan pada monitoring rutin dan kesiapsiagaan, bukan intervensi prioritas.","1) Cek sumber air dan kondisi saluran irigasi.
2) Identifikasi area sawah rawan kering bersama penyuluh.
3) Koordinasikan distribusi air/pompanisasi bila diperlukan.
4) Update status wilayah setelah validasi lapangan.","Dinas Kab/Kota, Penyuluh/BPP, pengelola irigasi",Daftar lahan rawan kering dan status ketersediaan air,Sifat hujan: Normal; HTH: 15.0 hari (Sangat Panjang); Rasio KAT: 0.52 (Rendah); Prob. Waspada: 14.4%; Prob. Kritis: 0.3%,Normal,Sangat Panjang,Rendah,1.0,15.0,0.5171224620199059,0.2261904761904762,probabilitas_risiko_historis,1.16
SURABAYA,Juli 2026,2026,7,Aman,✅ AMAN,91.4,8.3,0.4,Hari tanpa hujan panjang,Kondisi relatif terkendali; tetap perlu monitoring rutin,Antisipasi kekeringan/defisit air,Rendah,Monitoring rutin,"Pantau pengecekan ketersediaan air, saluran irigasi, dan lahan rawan kering; validasi kondisi lapangan bersama penyuluh.","Indikator menunjukkan potensi tekanan air. Wilayah perlu dipantau untuk memastikan sawah tidak mengalami defisit air, terutama pada area tadah hujan atau area dengan akses irigasi terbatas. Karena status masih Aman, tindakan difokuskan pada monitoring rutin dan kesiapsiagaan, bukan intervensi prioritas.","1) Cek sumber air dan kondisi saluran irigasi.
2) Identifikasi area sawah rawan kering bersama penyuluh.
3) Koordinasikan distribusi air/pompanisasi bila diperlukan.
4) Update status wilayah setelah validasi lapangan.","Dinas Kab/Kota, Penyuluh/BPP, pengelola irigasi",Daftar lahan rawan kering dan status ketersediaan air,Sifat hujan: Normal; HTH: 15.0 hari (Sangat Panjang); Rasio KAT: 0.86 (Mendekati Normal); Prob. Waspada: 8.3%; Prob. Kritis: 0.4%,Normal,Sangat Panjang,Mendekati Normal,1.0,15.0,0.8635305108875477,0.238095238095238,probabilitas_risiko_historis,1.1
PASURUAN,Juli 2026,2026,7,Aman,✅ AMAN,92.3,7.5,0.2,Hari tanpa hujan panjang,Kondisi relatif terkendali; tetap perlu monitoring rutin,Antisipasi kekeringan/defisit air,Rendah,Monitoring rutin,"Pantau pengecekan ketersediaan air, saluran irigasi, dan lahan rawan kering; validasi kondisi lapangan bersama penyuluh.","Indikator menunjukkan potensi tekanan air. Wilayah perlu dipantau untuk memastikan sawah tidak mengalami defisit air, terutama pada area tadah hujan atau area dengan akses irigasi terbatas. Karena status masih Aman, tindakan difokuskan pada monitoring rutin dan kesiapsiagaan, bukan intervensi prioritas.","1) Cek sumber air dan kondisi saluran irigasi.
2) Identifikasi area sawah rawan kering bersama penyuluh.
3) Koordinasikan distribusi air/pompanisasi bila diperlukan.
4) Update status wilayah setelah validasi lapangan.","Dinas Kab/Kota, Penyuluh/BPP, pengelola irigasi",Daftar lahan rawan kering dan status ketersediaan air,Sifat hujan: Normal; HTH: 15.0 hari (Sangat Panjang); Rasio KAT: 0.86 (Mendekati Normal); Prob. Waspada: 7.5%; Prob. Kritis: 0.2%,Normal,Sangat Panjang,Mendekati Normal,1.0,15.0,0.8636834668720613,0.2857142857142857,probabilitas_risiko_historis,1.08
PAMEKASAN,Juli 2026,2026,7,Aman,✅ AMAN,92.0,7.9,0.1,Hari tanpa hujan panjang,Kondisi relatif terkendali; tetap perlu monitoring rutin,Antisipasi kekeringan/defisit air,Rendah,Monitoring rutin,"Pantau pengecekan ketersediaan air, saluran irigasi, dan lahan rawan kering; validasi kondisi lapangan bersama penyuluh.","Indikator menunjukkan potensi tekanan air. Wilayah perlu dipantau untuk memastikan sawah tidak mengalami defisit air, terutama pada area tadah hujan atau area dengan akses irigasi terbatas. Karena status masih Aman, tindakan difokuskan pada monitoring rutin dan kesiapsiagaan, bukan intervensi prioritas.","1) Cek sumber air dan kondisi saluran irigasi.
2) Identifikasi area sawah rawan kering bersama penyuluh.
3) Koordinasikan distribusi air/pompanisasi bila diperlukan.
4) Update status wilayah setelah validasi lapangan.","Dinas Kab/Kota, Penyuluh/BPP, pengelola irigasi",Daftar lahan rawan kering dan status ketersediaan air,Sifat hujan: Normal; HTH: 15.0 hari (Sangat Panjang); Rasio KAT: 0.59 (Rendah); Prob. Waspada: 7.9%; Prob. Kritis: 0.1%,Normal,Sangat Panjang,Rendah,1.0,15.0,0.588411033884881,0.2142857142857142,probabilitas_risiko_historis,1.08
GRESIK,Juli 2026,2026,7,Aman,✅ AMAN,92.2,7.6,0.1,Hari tanpa hujan panjang,Kondisi relatif terkendali; tetap perlu monitoring rutin,Antisipasi kekeringan/defisit air,Rendah,Monitoring rutin,"Pantau pengecekan ketersediaan air, saluran irigasi, dan lahan rawan kering; validasi kondisi lapangan bersama penyuluh.","Indikator menunjukkan potensi tekanan air. Wilayah perlu dipantau untuk memastikan sawah tidak mengalami defisit air, terutama pada area tadah hujan atau area dengan akses irigasi terbatas. Karena status masih Aman, tindakan difokuskan pada monitoring rutin dan kesiapsiagaan, bukan intervensi prioritas.","1) Cek sumber air dan kondisi saluran irigasi.
2) Identifikasi area sawah rawan kering bersama penyuluh.
3) Koordinasikan distribusi air/pompanisasi bila diperlukan.
4) Update status wilayah setelah validasi lapangan.","Dinas Kab/Kota, Penyuluh/BPP, pengelola irigasi",Daftar lahan rawan kering dan status ketersediaan air,Sifat hujan: Normal; HTH: 15.0 hari (Sangat Panjang); Rasio KAT: 0.54 (Rendah); Prob. Waspada: 7.6%; Prob. Kritis: 0.1%,Normal,Sangat Panjang,Rendah,1.0,15.0,0.5405691127038251,0.1428571428571428,probabilitas_risiko_historis,1.08
MADIUN,Juli 2026,2026,7,Aman,✅ AMAN,97.7,2.3,0.1,Hari tanpa hujan panjang,Kondisi relatif terkendali; tetap perlu monitoring rutin,Antisipasi kekeringan/defisit air,Rendah,Monitoring rutin,"Pantau pengecekan ketersediaan air, saluran irigasi, dan lahan rawan kering; validasi kondisi lapangan bersama penyuluh.","Indikator menunjukkan potensi tekanan air. Wilayah perlu dipantau untuk memastikan sawah tidak mengalami defisit air, terutama pada area tadah hujan atau area dengan akses irigasi terbatas. Karena status masih Aman, tindakan difokuskan pada monitoring rutin dan kesiapsiagaan, bukan intervensi prioritas.","1) Cek sumber air dan kondisi saluran irigasi.
2) Identifikasi area sawah rawan kering bersama penyuluh.
3) Koordinasikan distribusi air/pompanisasi bila diperlukan.
4) Update status wilayah setelah validasi lapangan.","Dinas Kab/Kota, Penyuluh/BPP, pengelola irigasi",Daftar lahan rawan kering dan status ketersediaan air,Sifat hujan: Normal; HTH: 15.0 hari (Sangat Panjang); Rasio KAT: 0.60 (Rendah); Prob. Waspada: 2.3%; Prob. Kritis: 0.1%,Normal,Sangat Panjang,Rendah,1.0,15.0,0.5965177167691019,0.1309523809523809,probabilitas_risiko_historis,1.03
LUMAJANG,Juli 2026,2026,7,Aman,✅ AMAN,99.9,0.1,0.1,Hari tanpa hujan panjang,Kondisi relatif terkendali; tetap perlu monitoring rutin,Antisipasi kekeringan/defisit air,Rendah,Monitoring rutin,"Pantau pengecekan ketersediaan air, saluran irigasi, dan lahan rawan kering; validasi kondisi lapangan bersama penyuluh.","Indikator menunjukkan potensi tekanan air. Wilayah perlu dipantau untuk memastikan sawah tidak mengalami defisit air, terutama pada area tadah hujan atau area dengan akses irigasi terbatas. Karena status masih Aman, tindakan difokuskan pada monitoring rutin dan kesiapsiagaan, bukan intervensi prioritas.","1) Cek sumber air dan kondisi saluran irigasi.
2) Identifikasi area sawah rawan kering bersama penyuluh.
3) Koordinasikan distribusi air/pompanisasi bila diperlukan.
4) Update status wilayah setelah validasi lapangan.","Dinas Kab/Kota, Penyuluh/BPP, pengelola irigasi",Daftar lahan rawan kering dan status ketersediaan air,Sifat hujan: Normal; HTH: 15.0 hari (Sangat Panjang); Rasio KAT: 0.56 (Rendah); Prob. Waspada: 0.1%; Prob. Kritis: 0.1%,Normal,Sangat Panjang,Rendah,1.0,15.0,0.5561502362719303,0.0476190476190476,probabilitas_risiko_historis,1.01
JEMBER,Juli 2026,2026,7,Aman,✅ AMAN,99.5,0.5,0.0,Hari tanpa hujan panjang,Kondisi relatif terkendali; tetap perlu monitoring rutin,Antisipasi kekeringan/defisit air,Rendah,Monitoring rutin,"Pantau pengecekan ketersediaan air, saluran irigasi, dan lahan rawan kering; validasi kondisi lapangan bersama penyuluh.","Indikator menunjukkan potensi tekanan air. Wilayah perlu dipantau untuk memastikan sawah tidak mengalami defisit air, terutama pada area tadah hujan atau area dengan akses irigasi terbatas. Karena status masih Aman, tindakan difokuskan pada monitoring rutin dan kesiapsiagaan, bukan intervensi prioritas.","1) Cek sumber air dan kondisi saluran irigasi.
2) Identifikasi area sawah rawan kering bersama penyuluh.
3) Koordinasikan distribusi air/pompanisasi bila diperlukan.
4) Update status wilayah setelah validasi lapangan.","Dinas Kab/Kota, Penyuluh/BPP, pengelola irigasi",Daftar lahan rawan kering dan status ketersediaan air,Sifat hujan: Normal; HTH: 15.0 hari (Sangat Panjang); Rasio KAT: 0.60 (Rendah); Prob. Waspada: 0.5%; Prob. Kritis: 0.0%,Normal,Sangat Panjang,Rendah,1.0,15.0,0.6045640135432938,0.1309523809523809,probabilitas_risiko_historis,1.0
BONDOWOSO,Juli 2026,2026,7,Aman,✅ AMAN,99.9,0.1,0.0,Hari tanpa hujan panjang,Kondisi relatif terkendali; tetap perlu monitoring rutin,Antisipasi kekeringan/defisit air,Rendah,Monitoring rutin,"Pantau pengecekan ketersediaan air, saluran irigasi, dan lahan rawan kering; validasi kondisi lapangan bersama penyuluh.","Indikator menunjukkan potensi tekanan air. Wilayah perlu dipantau untuk memastikan sawah tidak mengalami defisit air, terutama pada area tadah hujan atau area dengan akses irigasi terbatas. Karena status masih Aman, tindakan difokuskan pada monitoring rutin dan kesiapsiagaan, bukan intervensi prioritas.","1) Cek sumber air dan kondisi saluran irigasi.
2) Identifikasi area sawah rawan kering bersama penyuluh.
3) Koordinasikan distribusi air/pompanisasi bila diperlukan.
4) Update status wilayah setelah validasi lapangan.","Dinas Kab/Kota, Penyuluh/BPP, pengelola irigasi",Daftar lahan rawan kering dan status ketersediaan air,Sifat hujan: Normal; HTH: 15.0 hari (Sangat Panjang); Rasio KAT: 0.58 (Rendah); Prob. Waspada: 0.1%; Prob. Kritis: 0.0%,Normal,Sangat Panjang,Rendah,1.0,15.0,0.5820721943803644,0.1071428571428571,probabilitas_risiko_historis,1.0
